age,age_weeks,animal,bucket,kind,name,coeff_raw,psi_grid_rms,contribution,contribution_frac
3weeks,3.0,Lucid,cross,symbolic,I₈D1D2,0.48855,1.7609835602184278,0.8603285183447129,0.6520923340677811
3weeks,3.0,Lucid,iso,symbolic,<E_z>,0.4301,0.42830892821976496,0.1842156700273209,0.13962762326082095
3weeks,3.0,Lucid,aniso,symbolic,<I₄z-1>,0.16608,0.8607070715214403,0.1429462304382808,0.1083471477058962
3weeks,3.0,Lucid,aniso,symbolic,exp(<I₄z-1>)-1,0.016099,8.189639648539492,0.13184500870183727,0.09993289496550178
3weeks,3.0,Rosie,aniso,symbolic,(<I₄θ-1>)³,0.0079588,12.004041706510609,0.09553776713377664,0.25479895792846563
3weeks,3.0,Rosie,iso,symbolic,<I₂-3>ln(1+<I₂-3>),0.0111,6.629887530100487,0.0735917515841154,0.19626899579416493
3weeks,3.0,Rosie,cross,symbolic,I₈D1D2,0.030195,1.7609835602184278,0.05317289860079543,0.1418119719560487
3weeks,3.0,Rosie,aniso,symbolic,(<I₄D1-1>)³,0.023572,1.398781203314038,0.032972070524518504,0.08793641993566119
3weeks,3.0,Rosie,aniso,symbolic,(<I₄D2-1>)³,0.023564,1.398781203314038,0.032960880274891996,0.08790657557118278
3weeks,3.0,Rosie,cross,symbolic,<I₁-3>·<E_θ>,0.01412,1.9477996881650594,0.02750293159689064,0.07335024170130601
3weeks,3.0,Rosie,aniso,symbolic,(<I₄z-1>)³,0.018348,1.4130084578193096,0.025925879184068693,0.06914424732399405
3weeks,3.0,Rosie,iso,symbolic,I₂-3,0.0027677,3.3984764616116645,0.009405963302802604,0.02508567783996474
3weeks,3.0,Rosie,cross,symbolic,<I₄z-1>·<I₄D2-1>,0.0075835,1.0479884094316272,0.007947420102924745,0.021195747202354735
3weeks,3.0,Rosie,iso,symbolic,I₁-3,0.0034977,2.1516701994601934,0.0075258968566519185,0.02007154588265518
8weeks,8.0,Martini,cross,symbolic,I₈D1D2,1.8125,1.7609835602184278,3.1917827028959005,0.6211422431551655
8weeks,8.0,Martini,iso,symbolic,<E_θ>,1.1535,0.7352522831438819,0.8481135086064677,0.16504855631558343
8weeks,8.0,Martini,aniso,symbolic,<I₄z-1>,0.64354,0.8607070715214403,0.5538994288069077,0.10779253029328441
8weeks,8.0,Martini,aniso,symbolic,<I₄θ-1>,0.22237,1.4737105498270213,0.32770901496503474,0.06377436423628312
8weeks,8.0,Martini,iso,symbolic,<E_z>,0.50237,0.42830892821976496,0.2151695562697633,0.041873433526298985
8weeks,8.0,Martini,cross,symbolic,<I₁-3>·<E_z>,0.0020865,0.9084480760312253,0.0018954769106391514,0.00036887247338454707
10weeks,10.0,Gus,cross,symbolic,I₈D1D2,0.0099241,1.7609835602184278,0.0174761769499637,1.0
10weeks,10.0,Mojito,cross,symbolic,I₈D1D2,0.67155,1.7609835602184278,1.1825885098646851,0.7659131145047661
10weeks,10.0,Mojito,iso,symbolic,<E_z>,0.23469,0.42830892821976496,0.10051982236389664,0.0651024845700617
10weeks,10.0,Mojito,aniso,symbolic,<I₄z-1>,0.11132,0.8607070715214403,0.09581391120176674,0.06205466274133272
10weeks,10.0,Mojito,iso,symbolic,I₂-3,0.023499,3.3984764616116645,0.0798607983714125,0.05172249882123793
10weeks,10.0,Mojito,iso,symbolic,<I₂-3>ln(1+<I₂-3>),0.0058753,6.629887530100487,0.03895257820559939,0.025227955660464537
10weeks,10.0,Mojito,cross,symbolic,<I₂-3>·<E_z>,0.022207,1.7074847471866033,0.0379181137807729,0.02455797632035248
10weeks,10.0,Mojito,aniso,symbolic,exp(<I₄z-1>)-1,0.0010221,8.189639648539492,0.008370630684772215,0.005421307381784585
10weeks,10.0,Pablo,cross,symbolic,I₈D1D2,0.48308,1.7609835602184278,0.8506959382703181,0.7807333217590777
10weeks,10.0,Pablo,iso,symbolic,I₂-3,0.069802,3.3984764616116645,0.23722045397341743,0.21771105830884002
10weeks,10.0,Pablo,iso,symbolic,I₁-3,0.00078777,2.1516701994601934,0.0016950212330287566,0.0015556199320822391
16weeks,16.0,Audi,cross,symbolic,I₈D1D2,1.9043,1.7609835602184278,3.3534409937239524,0.8694198744698315
16weeks,16.0,Audi,aniso,symbolic,<I₄z-1>,0.21481,0.8607070715214403,0.1848884860335206,0.0479345617289883
16weeks,16.0,Audi,iso,symbolic,<E_θ>,0.15159,0.7352522831438819,0.11145689360178106,0.028896538995441964
16weeks,16.0,Audi,iso,symbolic,<E_z>,0.21241,0.42830892821976496,0.09097709944316026,0.023586906263009938
16weeks,16.0,Audi,aniso,symbolic,<I₄D1-1>,0.072356,0.8588836186479157,0.062145383110888595,0.016111937345630243
16weeks,16.0,Audi,aniso,symbolic,<I₄D2-1>,0.063097,0.8588836186479157,0.05419297968582754,0.01405018119709812
16weeks,16.0,Oreon,cross,symbolic,I₈D1D2,0.64829,1.7609835602184278,1.1416280322540047,0.36888115754981454
16weeks,16.0,Oreon,aniso,symbolic,<I₄D1-1>,1.1688,0.8588836186479157,1.003863173475684,0.3243667805898357
16weeks,16.0,Oreon,aniso,symbolic,<I₄D2-1>,1.0702,0.8588836186479157,0.9191772486769995,0.29700319009859866
16weeks,16.0,Oreon,aniso,symbolic,(<I₄D2-1>)³,0.017228,1.398781203314038,0.024098202570694248,0.007786575493943183
16weeks,16.0,Oreon,iso,symbolic,<E_z>,0.014179,0.42830892821976496,0.006072992293228048,0.0019622962678080354
16weeks,16.0,Sagittarius,aniso,symbolic,(<I₄θ-1>)³,39.438,12.004041706510609,473.41539682136545,0.9907736363067451
16weeks,16.0,Sagittarius,cross,symbolic,I₈D1D2,1.5592,1.7609835602184278,2.7457255670925726,0.0057463118493275315
16weeks,16.0,Sagittarius,aniso,symbolic,<I₄z-1>,0.9969,0.8607070715214403,0.8580388795997239,0.0017957216992550873
16weeks,16.0,Sagittarius,iso,symbolic,<E_z>,1.7593,0.42830892821976496,0.7535238974170325,0.0015769905602998565
16weeks,16.0,Sagittarius,cross,symbolic,<I₂-3>·<E_z>,0.030038,1.7074847471866033,0.051289426835991185,0.0001073395843725765
28weeks,28.0,Dodge,cross,symbolic,I₈D1D2,3.0141,1.7609835602184278,5.307780548854363,0.8492919540779929
28weeks,28.0,Dodge,iso,symbolic,I₂-3,0.13947,3.3984764616116645,0.4739855121009789,0.07584188495957803
28weeks,28.0,Dodge,iso,symbolic,<I₂-3>ln(1+<I₂-3>),0.066419,6.629887530100487,0.4403504998617443,0.07045998474588842
28weeks,28.0,Dodge,iso,symbolic,I₁-3,0.012798,2.1516701994601934,0.027537075212691556,0.004406176216540707
28weeks,28.0,Lexus,iso,symbolic,<E_θ>,1.1852,0.7352522831438819,0.8714210059821289,0.5824351695988036
28weeks,28.0,Lexus,aniso,symbolic,<I₄θ-1>,0.27265,1.4737105498270213,0.4018071814103374,0.26855748512395455
28weeks,28.0,Lexus,aniso,symbolic,<I₄D1-1>,0.12874,0.8588836186479157,0.11057267706473267,0.0739039057781355
28weeks,28.0,Lexus,aniso,symbolic,<I₄D2-1>,0.10811,0.8588836186479157,0.09285390801202617,0.06206114069966001
28weeks,28.0,Lexus,cross,symbolic,I₈D1D2,0.0046148,1.7609835602184278,0.008126586933696,0.005431599659055866
28weeks,28.0,Lexus,iso,symbolic,<E_z>,0.015204,0.42830892821976496,0.006512008944653307,0.004352457661762927
28weeks,28.0,Lexus,cross,symbolic,<I₄z-1>·<E_z>,0.0093102,0.5236060919660387,0.004874877437422213,0.0032582414786276287
28weeks,28.0,Mercedes,cross,symbolic,I₈D1D2,2.5372,1.7609835602184278,4.467967488986195,0.6916148226411102
28weeks,28.0,Mercedes,aniso,symbolic,<I₄D1-1>,1.1643,0.8588836186479157,0.9999981971917682,0.15479377983324255
28weeks,28.0,Mercedes,aniso,symbolic,<I₄D2-1>,1.0314,0.8588836186479157,0.8858525642734604,0.13712471400842258
28weeks,28.0,Mercedes,cross,symbolic,<I₂-3>·<E_z>,0.062301,1.7074847471866033,0.10637800723447258,0.016466683517224627
