sigma_theta_kPa,lambda_theta
0.0,0.3693224185443345
0.12512551069279748,0.519624607383091
0.25025102138559496,0.588825823864215
0.37537653207839244,0.6289985701494116
0.5005020427711899,0.6847742813219633
0.6256275534639875,0.7311362823266866
0.7507530641567849,0.7581602353001144
0.8758785748495823,0.800549549524105
1.0010040855423799,0.840561285272372
1.1261295962351774,0.8563701951821461
1.251255106927975,0.8863669794030727
1.3763806176207722,0.9140215176132682
1.5015061283135698,0.9492758561353102
1.6266316390063673,0.9765026599261789
1.7517571496991646,1.0083448204845389
1.8768826603919622,1.0231449772917434
2.0020081710847597,1.0466520521264648
2.1271336817775572,1.0647184239086784
2.2522591924703548,1.086921211126817
2.3773847031631523,1.1157090161740224
2.50251021385595,1.1377343549536987
2.627635724548747,1.159368807877066
2.7527612352415445,1.1761202430446787
2.877886745934342,1.198168700317847
3.0030122566271396,1.2200876308886979
3.128137767319937,1.234741669692858
3.2532632780127346,1.2348274350105062
3.378388788705532,1.260309767007225
3.5035142993983293,1.2726343107302358
3.628639810091127,1.2849588544532469
3.7537653207839243,1.2999754205725862
3.878890831476722,1.3015527493370225
4.004016342169519,1.3105852024699822
4.1291418528623165,1.3368968795003597
4.2542673635551145,1.3644416355294686
4.379392874247912,1.373440835320035
4.5045183849407096,1.38050057441461
4.629643895633507,1.3875603135091845
4.754769406326305,1.405054036063512
4.879894917019102,1.4204540092317084
5.0050204277119,1.4291211017247014
5.130145938404697,1.4336750110059908
5.255271449097494,1.4382289202872804
5.380396959790292,1.44278282956857
5.505522470483089,1.4507930989391318
5.630647981175887,1.4646936996356672
5.755773491868684,1.4647576930747543
5.880899002561482,1.4684105468784174
6.006024513254279,1.482459792162762
6.131150023947076,1.4860011592716906
6.256275534639874,1.4996695968014913
6.381401045332671,1.5022221029573748
6.506526556025469,1.5022540143307748
6.631652066718266,1.5022859257041747
6.756777577411064,1.5023178370775745
6.881903088103861,1.5137079899650818
7.0070285987966585,1.5232039406942022
7.1321541094894565,1.5303451431296071
7.257279620182254,1.5372192001276301
7.382405130875052,1.537568076310726
7.507530641567849,1.537916952493822
7.632656152260647,1.538265828676918
7.757781662953444,1.5386147048600138
7.882907173646242,1.53896358104311
8.008032684339039,1.5393124572262058
8.133158195031836,1.539661333409302
8.258283705724633,1.5403692986939888
8.383409216417432,1.54342914400211
8.508534727110229,1.5454139465736756
8.633660237803026,1.5473987491452414
8.758785748495823,1.549383551716807
8.883911259188622,1.551368354288373
9.009036769881419,1.553449207114867
9.134162280574216,1.5557846827604567
9.259287791267013,1.5581201584060467
9.38441330195981,1.5604556340516365
9.50953881265261,1.5623505016447905
9.634664323345406,1.5639350095749085
9.759789834038203,1.5655195175050265
9.884915344731,1.5671040254351445
10.0100408554238,1.5686885333652625
10.135166366116596,1.5702730412953803
10.260291876809394,1.5718575492254983
10.38541738750219,1.572364730668492
10.510542898194988,1.5723947771972246
10.635668408887787,1.5724248237259575
10.760793919580584,1.5724548702546903
10.88591943027338,1.5768289515833676
11.011044940966178,1.5782297717116667
11.136170451658975,1.5782539968962608
11.261295962351774,1.5782782220808549
11.386421473044571,1.578302447265449
11.511546983737368,1.5783266724500429
11.636672494430165,1.5835198109181774
11.761798005122964,1.5854530616988984
11.886923515815761,1.5854779185435066
12.012049026508558,1.585502775388115
12.137174537201355,1.5855276322327232
12.262300047894152,1.5855524890773316
12.387425558586951,1.59082704707068
12.512551069279748,1.5919922972077234
12.637676579972545,1.592015537062107
12.762802090665343,1.5920387769164903
12.887927601358141,1.592062016770874
13.013053112050939,1.5920852566252572
13.138178622743736,1.5952698001856542
13.263304133436533,1.5972408769229305
13.38842964412933,1.597882113754078
13.513555154822129,1.5985233505852254
13.638680665514926,1.5990641687029867
13.763806176207723,1.5996540002889714
13.88893168690052,1.6006389196160484
14.014057197593317,1.6014087716917296
14.139182708286116,1.6016046274480698
14.264308218978913,1.6020206357512323
14.38943372967171,1.6025977362423942
14.514559240364507,1.602846932222677
14.639684751057306,1.603018612291805
14.764810261750103,1.603266391112247
14.8899357724429,1.6042189381200842
15.015061283135697,1.6047941287672334
15.140186793828494,1.6048518199171893
15.265312304521293,1.6048823950683382
15.39043781521409,1.6049129702194869
15.515563325906887,1.6049435453706358
15.640688836599685,1.6053436641074104
15.765814347292483,1.60540608803701
15.89093985798528,1.6055993554510175
16.016065368678078,1.6058776850354484
16.141190879370875,1.6061560146198794
16.266316390063672,1.6069762552589268
16.39144190075647,1.6075550816397601
16.516567411449266,1.6075963540362268
16.641692922142067,1.6076376264326933
16.766818432834864,1.6084434355656554
16.89194394352766,1.6107030411234695
17.017069454220458,1.6108140711585992
17.142194964913255,1.610869888611353
17.267320475606052,1.6109257060641071
17.39244598629885,1.6111104989591514
17.517571496991646,1.6112012186349267
17.642697007684443,1.6112595138490524
17.767822518377244,1.6113778482475754
17.89294802907004,1.6118215696524663
18.018073539762838,1.6120076544101898
18.143199050455635,1.6120758325389952
18.268324561148432,1.6121016075850874
18.39345007184123,1.6121273826311795
18.518575582534027,1.6121531576772716
18.643701093226824,1.612196668201999
18.76882660391962,1.6124675062727951
18.89395211461242,1.6126875685842355
19.01907762530522,1.6128346766803978
19.144203135998016,1.612975251892385
19.269328646690813,1.6131073155822748
19.39445415738361,1.6133296673911308
19.519579668076407,1.6134400016109098
19.644705178769204,1.6138032610251776
19.769830689462,1.6138656647152927
19.894956200154798,1.6139295120251984
20.0200817108476,1.614179571186017
20.145207221540396,1.6142438924964064
20.270332732233193,1.614338238201303
20.39545824292599,1.6145865435387845
20.520583753618787,1.6146444521902246
20.645709264311584,1.6148390050932442
20.77083477500438,1.6149866475476056
20.89596028569718,1.6151893284925303
21.021085796389976,1.6154474121832225
21.146211307082773,1.615506706476449
21.271336817775573,1.6156571553322743
21.39646232846837,1.6167275063722077
21.521587839161167,1.6167969648751588
21.646713349853965,1.61686642337811
21.77183886054676,1.616935881881061
21.89696437123956,1.6171730374932936
22.022089881932356,1.6173192786242305
22.147215392625153,1.6173879339217723
22.27234090331795,1.6176607504370561
22.39746641401075,1.61773567324777
22.522591924703548,1.6180549706109535
22.647717435396345,1.618173107043748
22.772842946089142,1.6182162652826044
22.89796845678194,1.618259423521461
23.023093967474736,1.6185827763163874
23.148219478167533,1.618672895713016
23.27334498886033,1.618708629824222
23.398470499553127,1.6187443639354275
23.523596010245928,1.6188816874748617
23.648721520938725,1.6190100157114458
23.773847031631522,1.6193508937025445
23.89897254232432,1.6195582297350029
24.024098053017116,1.6196669093674874
24.149223563709914,1.61971853106696
24.27434907440271,1.619860714365289
24.399474585095508,1.6200427546387264
24.524600095788305,1.620306020163279
24.649725606481105,1.6204735386683198
24.774851117173903,1.6207071096129468
24.8999766278667,1.6210164584236701
