animal,age_weeks,param,index,value,kind
Gus,10,w[I₁-3],,0.02416080557,cross_weight
Gus,10,w[I₂-3],,0.01554462464,cross_weight
Gus,10,w[<I₂-3>ln(1+<I₂-3>)],,0.01058333253,cross_weight
Gus,10,w[<I₄θ-1>],,0.03011201964,cross_weight
Gus,10,w[<I₄z-1>],,0.01951008639,cross_weight
Gus,10,w[<I₄D1-1>],,0.0216926205,cross_weight
Gus,10,w[<I₄D2-1>],,0.0216926205,cross_weight
Gus,10,w[(<I₄θ-1>)³],,0.00582745967,cross_weight
Gus,10,w[<I₂-3>·<E_z>],,0.01657035797,cross_weight
Gus,10,w[I₈D1D2],,0.02015952762,cross_weight
Gus,10,base.iso._bth,,-3.912302268,base_param
Gus,10,base.iso._bz,,1.438612332,base_param
Gus,10,base.iso.bthz,,0.6789850745,base_param
Gus,10,base.aniso._α,,1.203154359,base_param
Gus,10,base.aniso._k1,0.0,2.248071359,base_param
Gus,10,base.aniso._k1,1.0,2.248071359,base_param
Gus,10,base.aniso._k1,2.0,-8.212499721,base_param
Gus,10,base.aniso._k1,3.0,-0.1273626074,base_param
Gus,10,base.aniso._k2,0.0,1.768272343,base_param
Gus,10,base.aniso._k2,1.0,1.768272343,base_param
Gus,10,base.aniso._k2,2.0,7.41771963,base_param
Gus,10,base.aniso._k2,3.0,1.258680839,base_param
Gus,10,base.aniso._lam0_raw,0.0,-2.0,base_param
Gus,10,base.aniso._lam0_raw,1.0,-2.0,base_param
Gus,10,base.aniso._lam0_raw,2.0,-2.0,base_param
Gus,10,base.aniso._lam0_raw,3.0,-2.0,base_param
Gus,10,base.aniso._lam0h_raw,0.0,-2.8,base_param
Gus,10,base.aniso._lam0h_raw,1.0,-2.8,base_param
Gus,10,base.aniso._kappa,0.0,-1.852156304,base_param
Gus,10,base.aniso._kappa,1.0,-1.852156304,base_param
Gus,10,base.aniso._tau_raw,0.0,3.073653055,base_param
Gus,10,base.aniso._tau_raw,1.0,3.073653055,base_param
Gus,10,base.aniso._tau_raw,2.0,-0.7025815963,base_param
Gus,10,base.aniso._tau_raw,3.0,-0.2396401416,base_param
Gus,10,base.aniso._sigma_s_raw,0.0,-2.0,base_param
Gus,10,base.aniso._sigma_s_raw,1.0,-2.0,base_param
Gus,10,base.aniso._sigma_s_raw,2.0,-2.0,base_param
Gus,10,base.aniso._sigma_s_raw,3.0,-2.0,base_param
Gus,10,base.aniso._lambda_lb_raw,0.0,-0.4621241031,base_param
Gus,10,base.aniso._lambda_lb_raw,1.0,-0.4621241031,base_param
Gus,10,base.aniso._lambda_lb_raw,2.0,-0.7920560779,base_param
Gus,10,base.aniso._lambda_lb_raw,3.0,-1.014062857,base_param
Gus,10,base.aniso._lambda_ub_raw,0.0,0.3901057236,base_param
Gus,10,base.aniso._lambda_ub_raw,1.0,0.3901057236,base_param
Gus,10,base.aniso._lambda_ub_raw,2.0,0.2260623436,base_param
Gus,10,base.aniso._lambda_ub_raw,3.0,1.758610351,base_param
Gus,10,base.aniso._logn_mu_raw,0.0,-2.01234979,base_param
Gus,10,base.aniso._logn_mu_raw,1.0,-2.01234979,base_param
Gus,10,base.aniso._logn_mu_raw,2.0,-1.354374853,base_param
Gus,10,base.aniso._logn_mu_raw,3.0,-3.073951663,base_param
Gus,10,base.aniso._logn_sig_raw,0.0,-3.545021492,base_param
Gus,10,base.aniso._logn_sig_raw,1.0,-3.545021492,base_param
Gus,10,base.aniso._logn_sig_raw,2.0,-2.403994875,base_param
Gus,10,base.aniso._logn_sig_raw,3.0,-1.289799991,base_param
Gus,10,base.aniso._beta_a_raw,0.0,0.2,base_param
Gus,10,base.aniso._beta_a_raw,1.0,0.2,base_param
Gus,10,base.aniso._beta_a_raw,2.0,0.2,base_param
Gus,10,base.aniso._beta_a_raw,3.0,0.2,base_param
Gus,10,base.aniso._beta_b_raw,0.0,0.2,base_param
Gus,10,base.aniso._beta_b_raw,1.0,0.2,base_param
Gus,10,base.aniso._beta_b_raw,2.0,0.2,base_param
Gus,10,base.aniso._beta_b_raw,3.0,0.2,base_param
Gus,10,base.aniso._recruit_ref_stretch,,1.465309059,base_param
Gus,10,base.aniso.quad_x,0.0,0.005299,base_param
Gus,10,base.aniso.quad_x,1.0,0.027712,base_param
Gus,10,base.aniso.quad_x,2.0,0.067184,base_param
Gus,10,base.aniso.quad_x,3.0,0.122299,base_param
Gus,10,base.aniso.quad_x,4.0,0.191061,base_param
Gus,10,base.aniso.quad_x,5.0,0.270991,base_param
Gus,10,base.aniso.quad_x,6.0,0.359009,base_param
Gus,10,base.aniso.quad_x,7.0,0.451846,base_param
Gus,10,base.aniso.quad_x,8.0,0.546156,base_param
Gus,10,base.aniso.quad_x,9.0,0.638756,base_param
Gus,10,base.aniso.quad_x,10.0,0.726781,base_param
Gus,10,base.aniso.quad_x,11.0,0.807785,base_param
Gus,10,base.aniso.quad_w,0.0,0.013576,base_param
Gus,10,base.aniso.quad_w,1.0,0.031126,base_param
Gus,10,base.aniso.quad_w,2.0,0.047579,base_param
Gus,10,base.aniso.quad_w,3.0,0.062314,base_param
Gus,10,base.aniso.quad_w,4.0,0.074797,base_param
Gus,10,base.aniso.quad_w,5.0,0.084578,base_param
Gus,10,base.aniso.quad_w,6.0,0.091322,base_param
Gus,10,base.aniso.quad_w,7.0,0.094827,base_param
Gus,10,base.aniso.quad_w,8.0,0.095038,base_param
Gus,10,base.aniso.quad_w,9.0,0.092045,base_param
Gus,10,base.aniso.quad_w,10.0,0.086079,base_param
Gus,10,base.aniso.quad_w,11.0,0.0775,base_param
Mojito,10,w[I₁-3],,0.6250448339,cross_weight
Mojito,10,w[I₂-3],,0.2276184567,cross_weight
Mojito,10,w[<I₂-3>ln(1+<I₂-3>)],,0.01190483362,cross_weight
Mojito,10,w[<I₄θ-1>],,0.0527490338,cross_weight
Mojito,10,w[<I₄z-1>],,2.581010857,cross_weight
Mojito,10,w[<I₄D1-1>],,0.2201622756,cross_weight
Mojito,10,w[<I₄D2-1>],,0.2201622756,cross_weight
Mojito,10,w[(<I₄θ-1>)³],,0.0004649641054,cross_weight
Mojito,10,w[<I₂-3>·<E_z>],,0.6895955334,cross_weight
Mojito,10,w[I₈D1D2],,3.029628573,cross_weight
Mojito,10,base.iso._bth,,-2.82896413,base_param
Mojito,10,base.iso._bz,,2.181689292,base_param
Mojito,10,base.iso.bthz,,1.270570016,base_param
Mojito,10,base.aniso._α,,1.194706751,base_param
Mojito,10,base.aniso._k1,0.0,-0.5363146213,base_param
Mojito,10,base.aniso._k1,1.0,-0.5363146213,base_param
Mojito,10,base.aniso._k1,2.0,-6.530027244,base_param
Mojito,10,base.aniso._k1,3.0,-2.910007841,base_param
Mojito,10,base.aniso._k2,0.0,14.99214792,base_param
Mojito,10,base.aniso._k2,1.0,14.99214792,base_param
Mojito,10,base.aniso._k2,2.0,4.566783855,base_param
Mojito,10,base.aniso._k2,3.0,0.8369342093,base_param
Mojito,10,base.aniso._lam0_raw,0.0,-2.0,base_param
Mojito,10,base.aniso._lam0_raw,1.0,-2.0,base_param
Mojito,10,base.aniso._lam0_raw,2.0,-2.0,base_param
Mojito,10,base.aniso._lam0_raw,3.0,-2.0,base_param
Mojito,10,base.aniso._lam0h_raw,0.0,-2.8,base_param
Mojito,10,base.aniso._lam0h_raw,1.0,-2.8,base_param
Mojito,10,base.aniso._kappa,0.0,-4.042480337,base_param
Mojito,10,base.aniso._kappa,1.0,-4.042480337,base_param
Mojito,10,base.aniso._tau_raw,0.0,-1.924682973,base_param
Mojito,10,base.aniso._tau_raw,1.0,-1.924682973,base_param
Mojito,10,base.aniso._tau_raw,2.0,1.736283691,base_param
Mojito,10,base.aniso._tau_raw,3.0,1.454134689,base_param
Mojito,10,base.aniso._sigma_s_raw,0.0,-2.0,base_param
Mojito,10,base.aniso._sigma_s_raw,1.0,-2.0,base_param
Mojito,10,base.aniso._sigma_s_raw,2.0,-2.0,base_param
Mojito,10,base.aniso._sigma_s_raw,3.0,-2.0,base_param
Mojito,10,base.aniso._lambda_lb_raw,0.0,-0.392982424,base_param
Mojito,10,base.aniso._lambda_lb_raw,1.0,-0.392982424,base_param
Mojito,10,base.aniso._lambda_lb_raw,2.0,-0.3860210761,base_param
Mojito,10,base.aniso._lambda_lb_raw,3.0,-1.028716922,base_param
Mojito,10,base.aniso._lambda_ub_raw,0.0,-0.8713172638,base_param
Mojito,10,base.aniso._lambda_ub_raw,1.0,-0.8713172638,base_param
Mojito,10,base.aniso._lambda_ub_raw,2.0,1.664920864,base_param
Mojito,10,base.aniso._lambda_ub_raw,3.0,6.88198522,base_param
Mojito,10,base.aniso._logn_mu_raw,0.0,-3.823046366,base_param
Mojito,10,base.aniso._logn_mu_raw,1.0,-3.823046366,base_param
Mojito,10,base.aniso._logn_mu_raw,2.0,-4.716871731,base_param
Mojito,10,base.aniso._logn_mu_raw,3.0,-4.526862998,base_param
Mojito,10,base.aniso._logn_sig_raw,0.0,-7.725323986,base_param
Mojito,10,base.aniso._logn_sig_raw,1.0,-7.725323986,base_param
Mojito,10,base.aniso._logn_sig_raw,2.0,-1.389400396,base_param
Mojito,10,base.aniso._logn_sig_raw,3.0,-1.206496667,base_param
Mojito,10,base.aniso._beta_a_raw,0.0,-0.87183897,base_param
Mojito,10,base.aniso._beta_a_raw,1.0,-0.87183897,base_param
Mojito,10,base.aniso._beta_a_raw,2.0,-0.87183897,base_param
Mojito,10,base.aniso._beta_a_raw,3.0,-0.81093022,base_param
Mojito,10,base.aniso._beta_b_raw,0.0,-0.5798185,base_param
Mojito,10,base.aniso._beta_b_raw,1.0,-0.47000363,base_param
Mojito,10,base.aniso._beta_b_raw,2.0,-0.05129329,base_param
Mojito,10,base.aniso._beta_b_raw,3.0,-1.2039728,base_param
Mojito,10,base.aniso._recruit_ref_stretch,,1.56013013,base_param
Mojito,10,base.aniso.quad_x,0.0,0.005299,base_param
Mojito,10,base.aniso.quad_x,1.0,0.027712,base_param
Mojito,10,base.aniso.quad_x,2.0,0.067184,base_param
Mojito,10,base.aniso.quad_x,3.0,0.122299,base_param
Mojito,10,base.aniso.quad_x,4.0,0.191061,base_param
Mojito,10,base.aniso.quad_x,5.0,0.270991,base_param
Mojito,10,base.aniso.quad_x,6.0,0.359009,base_param
Mojito,10,base.aniso.quad_x,7.0,0.451846,base_param
Mojito,10,base.aniso.quad_x,8.0,0.546156,base_param
Mojito,10,base.aniso.quad_x,9.0,0.638756,base_param
Mojito,10,base.aniso.quad_x,10.0,0.726781,base_param
Mojito,10,base.aniso.quad_x,11.0,0.807785,base_param
Mojito,10,base.aniso.quad_w,0.0,0.013576,base_param
Mojito,10,base.aniso.quad_w,1.0,0.031126,base_param
Mojito,10,base.aniso.quad_w,2.0,0.047579,base_param
Mojito,10,base.aniso.quad_w,3.0,0.062314,base_param
Mojito,10,base.aniso.quad_w,4.0,0.074797,base_param
Mojito,10,base.aniso.quad_w,5.0,0.084578,base_param
Mojito,10,base.aniso.quad_w,6.0,0.091322,base_param
Mojito,10,base.aniso.quad_w,7.0,0.094827,base_param
Mojito,10,base.aniso.quad_w,8.0,0.095038,base_param
Mojito,10,base.aniso.quad_w,9.0,0.092045,base_param
Mojito,10,base.aniso.quad_w,10.0,0.086079,base_param
Mojito,10,base.aniso.quad_w,11.0,0.0775,base_param
Pablo,10,w[I₁-3],,0.1230210226,cross_weight
Pablo,10,w[I₂-3],,1.826086645,cross_weight
Pablo,10,w[<I₂-3>ln(1+<I₂-3>)],,0.4283870603,cross_weight
Pablo,10,w[<I₄θ-1>],,0.0008330913378,cross_weight
Pablo,10,w[<I₄z-1>],,0.07652139538,cross_weight
Pablo,10,w[<I₄D1-1>],,0.0009003897969,cross_weight
Pablo,10,w[<I₄D2-1>],,0.0009003897969,cross_weight
Pablo,10,w[(<I₄θ-1>)³],,0.0005582876128,cross_weight
Pablo,10,w[<I₂-3>·<E_z>],,0.02617378429,cross_weight
Pablo,10,w[I₈D1D2],,0.404383866,cross_weight
Pablo,10,base.iso._bth,,-5.872970543,base_param
Pablo,10,base.iso._bz,,0.02489678475,base_param
Pablo,10,base.iso.bthz,,2.216611383,base_param
Pablo,10,base.aniso._α,,-2.889249109,base_param
Pablo,10,base.aniso._k1,0.0,-6.57725217,base_param
Pablo,10,base.aniso._k1,1.0,-6.57725217,base_param
Pablo,10,base.aniso._k1,2.0,-0.7960571669,base_param
Pablo,10,base.aniso._k1,3.0,-0.2481224076,base_param
Pablo,10,base.aniso._k2,0.0,11.53335259,base_param
Pablo,10,base.aniso._k2,1.0,11.53335259,base_param
Pablo,10,base.aniso._k2,2.0,3.938023296,base_param
Pablo,10,base.aniso._k2,3.0,4.810339685,base_param
Pablo,10,base.aniso._lam0_raw,0.0,-2.0,base_param
Pablo,10,base.aniso._lam0_raw,1.0,-2.0,base_param
Pablo,10,base.aniso._lam0_raw,2.0,-2.0,base_param
Pablo,10,base.aniso._lam0_raw,3.0,-2.0,base_param
Pablo,10,base.aniso._lam0h_raw,0.0,-2.8,base_param
Pablo,10,base.aniso._lam0h_raw,1.0,-2.8,base_param
Pablo,10,base.aniso._kappa,0.0,-3.8493416,base_param
Pablo,10,base.aniso._kappa,1.0,-3.8493416,base_param
Pablo,10,base.aniso._tau_raw,0.0,-0.5565936343,base_param
Pablo,10,base.aniso._tau_raw,1.0,-0.5565936343,base_param
Pablo,10,base.aniso._tau_raw,2.0,2.438469234,base_param
Pablo,10,base.aniso._tau_raw,3.0,-2.383051262,base_param
Pablo,10,base.aniso._sigma_s_raw,0.0,-2.0,base_param
Pablo,10,base.aniso._sigma_s_raw,1.0,-2.0,base_param
Pablo,10,base.aniso._sigma_s_raw,2.0,-2.0,base_param
Pablo,10,base.aniso._sigma_s_raw,3.0,-2.0,base_param
Pablo,10,base.aniso._lambda_lb_raw,0.0,-0.5459553483,base_param
Pablo,10,base.aniso._lambda_lb_raw,1.0,-0.5459553483,base_param
Pablo,10,base.aniso._lambda_lb_raw,2.0,-0.8552837485,base_param
Pablo,10,base.aniso._lambda_lb_raw,3.0,-0.9793664275,base_param
Pablo,10,base.aniso._lambda_ub_raw,0.0,-0.5446247612,base_param
Pablo,10,base.aniso._lambda_ub_raw,1.0,-0.5446247612,base_param
Pablo,10,base.aniso._lambda_ub_raw,2.0,1.447099154,base_param
Pablo,10,base.aniso._lambda_ub_raw,3.0,-0.6934813945,base_param
Pablo,10,base.aniso._logn_mu_raw,0.0,-2.523041014,base_param
Pablo,10,base.aniso._logn_mu_raw,1.0,-2.523041014,base_param
Pablo,10,base.aniso._logn_mu_raw,2.0,-4.551472193,base_param
Pablo,10,base.aniso._logn_mu_raw,3.0,-2.517744574,base_param
Pablo,10,base.aniso._logn_sig_raw,0.0,-4.195276735,base_param
Pablo,10,base.aniso._logn_sig_raw,1.0,-4.195276735,base_param
Pablo,10,base.aniso._logn_sig_raw,2.0,-0.8662459753,base_param
Pablo,10,base.aniso._logn_sig_raw,3.0,-4.622560236,base_param
Pablo,10,base.aniso._beta_a_raw,0.0,-0.87183897,base_param
Pablo,10,base.aniso._beta_a_raw,1.0,-0.87183897,base_param
Pablo,10,base.aniso._beta_a_raw,2.0,-0.87183897,base_param
Pablo,10,base.aniso._beta_a_raw,3.0,-0.81093022,base_param
Pablo,10,base.aniso._beta_b_raw,0.0,-0.5798185,base_param
Pablo,10,base.aniso._beta_b_raw,1.0,-0.47000363,base_param
Pablo,10,base.aniso._beta_b_raw,2.0,-0.05129329,base_param
Pablo,10,base.aniso._beta_b_raw,3.0,-1.2039728,base_param
Pablo,10,base.aniso._recruit_ref_stretch,,1.252107608,base_param
Pablo,10,base.aniso.quad_x,0.0,0.005299,base_param
Pablo,10,base.aniso.quad_x,1.0,0.027712,base_param
Pablo,10,base.aniso.quad_x,2.0,0.067184,base_param
Pablo,10,base.aniso.quad_x,3.0,0.122299,base_param
Pablo,10,base.aniso.quad_x,4.0,0.191061,base_param
Pablo,10,base.aniso.quad_x,5.0,0.270991,base_param
Pablo,10,base.aniso.quad_x,6.0,0.359009,base_param
Pablo,10,base.aniso.quad_x,7.0,0.451846,base_param
Pablo,10,base.aniso.quad_x,8.0,0.546156,base_param
Pablo,10,base.aniso.quad_x,9.0,0.638756,base_param
Pablo,10,base.aniso.quad_x,10.0,0.726781,base_param
Pablo,10,base.aniso.quad_x,11.0,0.807785,base_param
Pablo,10,base.aniso.quad_w,0.0,0.013576,base_param
Pablo,10,base.aniso.quad_w,1.0,0.031126,base_param
Pablo,10,base.aniso.quad_w,2.0,0.047579,base_param
Pablo,10,base.aniso.quad_w,3.0,0.062314,base_param
Pablo,10,base.aniso.quad_w,4.0,0.074797,base_param
Pablo,10,base.aniso.quad_w,5.0,0.084578,base_param
Pablo,10,base.aniso.quad_w,6.0,0.091322,base_param
Pablo,10,base.aniso.quad_w,7.0,0.094827,base_param
Pablo,10,base.aniso.quad_w,8.0,0.095038,base_param
Pablo,10,base.aniso.quad_w,9.0,0.092045,base_param
Pablo,10,base.aniso.quad_w,10.0,0.086079,base_param
Pablo,10,base.aniso.quad_w,11.0,0.0775,base_param
Audi,16,w[I₁-3],,0.003071086727,cross_weight
Audi,16,w[I₂-3],,0.004037025157,cross_weight
Audi,16,w[<I₂-3>ln(1+<I₂-3>)],,0.006014748185,cross_weight
Audi,16,w[<I₄θ-1>],,0.3011029956,cross_weight
Audi,16,w[<I₄z-1>],,0.07784292823,cross_weight
Audi,16,w[<I₄D1-1>],,0.3020341833,cross_weight
Audi,16,w[<I₄D2-1>],,0.3020341833,cross_weight
Audi,16,w[(<I₄θ-1>)³],,0.006911996352,cross_weight
Audi,16,w[<I₂-3>·<E_z>],,0.009392810196,cross_weight
Audi,16,w[I₈D1D2],,0.5572711017,cross_weight
Audi,16,base.iso._bth,,-7.800815807,base_param
Audi,16,base.iso._bz,,-1.480007529,base_param
Audi,16,base.iso.bthz,,3.609528279,base_param
Audi,16,base.aniso._α,,-7.747468729,base_param
Audi,16,base.aniso._k1,0.0,-4.361718223,base_param
Audi,16,base.aniso._k1,1.0,-4.361718223,base_param
Audi,16,base.aniso._k1,2.0,11.34277464,base_param
Audi,16,base.aniso._k1,3.0,6.792596621,base_param
Audi,16,base.aniso._k2,0.0,7.506778097,base_param
Audi,16,base.aniso._k2,1.0,7.506778097,base_param
Audi,16,base.aniso._k2,2.0,-8.033736638,base_param
Audi,16,base.aniso._k2,3.0,0.8234762882,base_param
Audi,16,base.aniso._lam0_raw,0.0,-2.0,base_param
Audi,16,base.aniso._lam0_raw,1.0,-2.0,base_param
Audi,16,base.aniso._lam0_raw,2.0,-2.0,base_param
Audi,16,base.aniso._lam0_raw,3.0,-2.0,base_param
Audi,16,base.aniso._lam0h_raw,0.0,-2.8,base_param
Audi,16,base.aniso._lam0h_raw,1.0,-2.8,base_param
Audi,16,base.aniso._kappa,0.0,0.03087340456,base_param
Audi,16,base.aniso._kappa,1.0,0.03087340456,base_param
Audi,16,base.aniso._tau_raw,0.0,0.5908264229,base_param
Audi,16,base.aniso._tau_raw,1.0,0.5908264229,base_param
Audi,16,base.aniso._tau_raw,2.0,-3.024387746,base_param
Audi,16,base.aniso._tau_raw,3.0,-1.15164459,base_param
Audi,16,base.aniso._sigma_s_raw,0.0,-2.0,base_param
Audi,16,base.aniso._sigma_s_raw,1.0,-2.0,base_param
Audi,16,base.aniso._sigma_s_raw,2.0,-2.0,base_param
Audi,16,base.aniso._sigma_s_raw,3.0,-2.0,base_param
Audi,16,base.aniso._lambda_lb_raw,0.0,-1.026063348,base_param
Audi,16,base.aniso._lambda_lb_raw,1.0,-1.026063348,base_param
Audi,16,base.aniso._lambda_lb_raw,2.0,-0.4541390615,base_param
Audi,16,base.aniso._lambda_lb_raw,3.0,-1.026129232,base_param
Audi,16,base.aniso._lambda_ub_raw,0.0,1.311602169,base_param
Audi,16,base.aniso._lambda_ub_raw,1.0,1.311602169,base_param
Audi,16,base.aniso._lambda_ub_raw,2.0,0.8986602,base_param
Audi,16,base.aniso._lambda_ub_raw,3.0,1.182551106,base_param
Audi,16,base.aniso._logn_mu_raw,0.0,-3.64306406,base_param
Audi,16,base.aniso._logn_mu_raw,1.0,-3.64306406,base_param
Audi,16,base.aniso._logn_mu_raw,2.0,-4.54328684,base_param
Audi,16,base.aniso._logn_mu_raw,3.0,-4.305550281,base_param
Audi,16,base.aniso._logn_sig_raw,0.0,-2.001525803,base_param
Audi,16,base.aniso._logn_sig_raw,1.0,-2.001525803,base_param
Audi,16,base.aniso._logn_sig_raw,2.0,-2.498040926,base_param
Audi,16,base.aniso._logn_sig_raw,3.0,-4.487975975,base_param
Audi,16,base.aniso._beta_a_raw,0.0,-0.87183897,base_param
Audi,16,base.aniso._beta_a_raw,1.0,-0.87183897,base_param
Audi,16,base.aniso._beta_a_raw,2.0,-0.87183897,base_param
Audi,16,base.aniso._beta_a_raw,3.0,-0.81093022,base_param
Audi,16,base.aniso._beta_b_raw,0.0,-0.5798185,base_param
Audi,16,base.aniso._beta_b_raw,1.0,-0.47000363,base_param
Audi,16,base.aniso._beta_b_raw,2.0,-0.05129329,base_param
Audi,16,base.aniso._beta_b_raw,3.0,-1.2039728,base_param
Audi,16,base.aniso._recruit_ref_stretch,,1.381868619,base_param
Audi,16,base.aniso.quad_x,0.0,0.005299,base_param
Audi,16,base.aniso.quad_x,1.0,0.027712,base_param
Audi,16,base.aniso.quad_x,2.0,0.067184,base_param
Audi,16,base.aniso.quad_x,3.0,0.122299,base_param
Audi,16,base.aniso.quad_x,4.0,0.191061,base_param
Audi,16,base.aniso.quad_x,5.0,0.270991,base_param
Audi,16,base.aniso.quad_x,6.0,0.359009,base_param
Audi,16,base.aniso.quad_x,7.0,0.451846,base_param
Audi,16,base.aniso.quad_x,8.0,0.546156,base_param
Audi,16,base.aniso.quad_x,9.0,0.638756,base_param
Audi,16,base.aniso.quad_x,10.0,0.726781,base_param
Audi,16,base.aniso.quad_x,11.0,0.807785,base_param
Audi,16,base.aniso.quad_w,0.0,0.013576,base_param
Audi,16,base.aniso.quad_w,1.0,0.031126,base_param
Audi,16,base.aniso.quad_w,2.0,0.047579,base_param
Audi,16,base.aniso.quad_w,3.0,0.062314,base_param
Audi,16,base.aniso.quad_w,4.0,0.074797,base_param
Audi,16,base.aniso.quad_w,5.0,0.084578,base_param
Audi,16,base.aniso.quad_w,6.0,0.091322,base_param
Audi,16,base.aniso.quad_w,7.0,0.094827,base_param
Audi,16,base.aniso.quad_w,8.0,0.095038,base_param
Audi,16,base.aniso.quad_w,9.0,0.092045,base_param
Audi,16,base.aniso.quad_w,10.0,0.086079,base_param
Audi,16,base.aniso.quad_w,11.0,0.0775,base_param
Oreon,16,w[I₁-3],,0.002717725275,cross_weight
Oreon,16,w[I₂-3],,0.002462804862,cross_weight
Oreon,16,w[<I₂-3>ln(1+<I₂-3>)],,0.002485300822,cross_weight
Oreon,16,w[<I₄θ-1>],,0.04085330522,cross_weight
Oreon,16,w[<I₄z-1>],,0.1293188595,cross_weight
Oreon,16,w[<I₄D1-1>],,0.01897606239,cross_weight
Oreon,16,w[<I₄D2-1>],,0.01897606239,cross_weight
Oreon,16,w[(<I₄θ-1>)³],,0.00375109735,cross_weight
Oreon,16,w[<I₂-3>·<E_z>],,0.00179201852,cross_weight
Oreon,16,w[I₈D1D2],,0.4622371051,cross_weight
Oreon,16,base.iso._bth,,-8.224148487,base_param
Oreon,16,base.iso._bz,,-5.898299752,base_param
Oreon,16,base.iso.bthz,,-8.12399166,base_param
Oreon,16,base.aniso._α,,-0.8569823976,base_param
Oreon,16,base.aniso._k1,0.0,3.437287044,base_param
Oreon,16,base.aniso._k1,1.0,3.437287044,base_param
Oreon,16,base.aniso._k1,2.0,-5.871064577,base_param
Oreon,16,base.aniso._k1,3.0,4.017306029,base_param
Oreon,16,base.aniso._k2,0.0,3.363226301,base_param
Oreon,16,base.aniso._k2,1.0,3.363226301,base_param
Oreon,16,base.aniso._k2,2.0,16.27007281,base_param
Oreon,16,base.aniso._k2,3.0,-9.035850274,base_param
Oreon,16,base.aniso._lam0_raw,0.0,-2.0,base_param
Oreon,16,base.aniso._lam0_raw,1.0,-2.0,base_param
Oreon,16,base.aniso._lam0_raw,2.0,-2.0,base_param
Oreon,16,base.aniso._lam0_raw,3.0,-2.0,base_param
Oreon,16,base.aniso._lam0h_raw,0.0,-2.8,base_param
Oreon,16,base.aniso._lam0h_raw,1.0,-2.8,base_param
Oreon,16,base.aniso._kappa,0.0,-0.1380879689,base_param
Oreon,16,base.aniso._kappa,1.0,-0.1380879689,base_param
Oreon,16,base.aniso._tau_raw,0.0,-6.47073438,base_param
Oreon,16,base.aniso._tau_raw,1.0,-6.47073438,base_param
Oreon,16,base.aniso._tau_raw,2.0,-2.002213814,base_param
Oreon,16,base.aniso._tau_raw,3.0,-2.191282763,base_param
Oreon,16,base.aniso._sigma_s_raw,0.0,-2.0,base_param
Oreon,16,base.aniso._sigma_s_raw,1.0,-2.0,base_param
Oreon,16,base.aniso._sigma_s_raw,2.0,-2.0,base_param
Oreon,16,base.aniso._sigma_s_raw,3.0,-2.0,base_param
Oreon,16,base.aniso._lambda_lb_raw,0.0,-1.23408776,base_param
Oreon,16,base.aniso._lambda_lb_raw,1.0,-1.23408776,base_param
Oreon,16,base.aniso._lambda_lb_raw,2.0,-1.233870936,base_param
Oreon,16,base.aniso._lambda_lb_raw,3.0,-1.025279393,base_param
Oreon,16,base.aniso._lambda_ub_raw,0.0,1.634854099,base_param
Oreon,16,base.aniso._lambda_ub_raw,1.0,1.634854099,base_param
Oreon,16,base.aniso._lambda_ub_raw,2.0,2.794724133,base_param
Oreon,16,base.aniso._lambda_ub_raw,3.0,1.547454221,base_param
Oreon,16,base.aniso._logn_mu_raw,0.0,-4.498132062,base_param
Oreon,16,base.aniso._logn_mu_raw,1.0,-4.498132062,base_param
Oreon,16,base.aniso._logn_mu_raw,2.0,-4.562326597,base_param
Oreon,16,base.aniso._logn_mu_raw,3.0,-3.832881178,base_param
Oreon,16,base.aniso._logn_sig_raw,0.0,-3.756471404,base_param
Oreon,16,base.aniso._logn_sig_raw,1.0,-3.756471404,base_param
Oreon,16,base.aniso._logn_sig_raw,2.0,-6.992567352,base_param
Oreon,16,base.aniso._logn_sig_raw,3.0,-2.592038545,base_param
Oreon,16,base.aniso._beta_a_raw,0.0,0.2,base_param
Oreon,16,base.aniso._beta_a_raw,1.0,0.2,base_param
Oreon,16,base.aniso._beta_a_raw,2.0,0.2,base_param
Oreon,16,base.aniso._beta_a_raw,3.0,0.2,base_param
Oreon,16,base.aniso._beta_b_raw,0.0,0.2,base_param
Oreon,16,base.aniso._beta_b_raw,1.0,0.2,base_param
Oreon,16,base.aniso._beta_b_raw,2.0,0.2,base_param
Oreon,16,base.aniso._beta_b_raw,3.0,0.2,base_param
Oreon,16,base.aniso._recruit_ref_stretch,,1.41713964,base_param
Oreon,16,base.aniso.quad_x,0.0,0.005299,base_param
Oreon,16,base.aniso.quad_x,1.0,0.027712,base_param
Oreon,16,base.aniso.quad_x,2.0,0.067184,base_param
Oreon,16,base.aniso.quad_x,3.0,0.122299,base_param
Oreon,16,base.aniso.quad_x,4.0,0.191061,base_param
Oreon,16,base.aniso.quad_x,5.0,0.270991,base_param
Oreon,16,base.aniso.quad_x,6.0,0.359009,base_param
Oreon,16,base.aniso.quad_x,7.0,0.451846,base_param
Oreon,16,base.aniso.quad_x,8.0,0.546156,base_param
Oreon,16,base.aniso.quad_x,9.0,0.638756,base_param
Oreon,16,base.aniso.quad_x,10.0,0.726781,base_param
Oreon,16,base.aniso.quad_x,11.0,0.807785,base_param
Oreon,16,base.aniso.quad_w,0.0,0.013576,base_param
Oreon,16,base.aniso.quad_w,1.0,0.031126,base_param
Oreon,16,base.aniso.quad_w,2.0,0.047579,base_param
Oreon,16,base.aniso.quad_w,3.0,0.062314,base_param
Oreon,16,base.aniso.quad_w,4.0,0.074797,base_param
Oreon,16,base.aniso.quad_w,5.0,0.084578,base_param
Oreon,16,base.aniso.quad_w,6.0,0.091322,base_param
Oreon,16,base.aniso.quad_w,7.0,0.094827,base_param
Oreon,16,base.aniso.quad_w,8.0,0.095038,base_param
Oreon,16,base.aniso.quad_w,9.0,0.092045,base_param
Oreon,16,base.aniso.quad_w,10.0,0.086079,base_param
Oreon,16,base.aniso.quad_w,11.0,0.0775,base_param
Sagittarius,16,w[I₁-3],,0.002302102711,cross_weight
Sagittarius,16,w[I₂-3],,0.002529985301,cross_weight
Sagittarius,16,w[<I₂-3>ln(1+<I₂-3>)],,0.002789260252,cross_weight
Sagittarius,16,w[<I₄θ-1>],,0.001597618465,cross_weight
Sagittarius,16,w[<I₄z-1>],,0.4209963268,cross_weight
Sagittarius,16,w[<I₄D1-1>],,0.008860138933,cross_weight
Sagittarius,16,w[<I₄D2-1>],,0.008860138933,cross_weight
Sagittarius,16,w[(<I₄θ-1>)³],,0.01762072683,cross_weight
Sagittarius,16,w[<I₂-3>·<E_z>],,0.0313740874,cross_weight
Sagittarius,16,w[I₈D1D2],,0.5760548375,cross_weight
Sagittarius,16,base.iso._bth,,-8.993392985,base_param
Sagittarius,16,base.iso._bz,,-6.764487042,base_param
Sagittarius,16,base.iso.bthz,,7.811369915,base_param
Sagittarius,16,base.aniso._α,,-0.1659549336,base_param
Sagittarius,16,base.aniso._k1,0.0,3.722066994,base_param
Sagittarius,16,base.aniso._k1,1.0,3.722066994,base_param
Sagittarius,16,base.aniso._k1,2.0,-2.288311755,base_param
Sagittarius,16,base.aniso._k1,3.0,5.142980912,base_param
Sagittarius,16,base.aniso._k2,0.0,0.653414838,base_param
Sagittarius,16,base.aniso._k2,1.0,0.653414838,base_param
Sagittarius,16,base.aniso._k2,2.0,11.53044027,base_param
Sagittarius,16,base.aniso._k2,3.0,-8.579102585,base_param
Sagittarius,16,base.aniso._lam0_raw,0.0,-2.0,base_param
Sagittarius,16,base.aniso._lam0_raw,1.0,-2.0,base_param
Sagittarius,16,base.aniso._lam0_raw,2.0,-2.0,base_param
Sagittarius,16,base.aniso._lam0_raw,3.0,-2.0,base_param
Sagittarius,16,base.aniso._lam0h_raw,0.0,-2.8,base_param
Sagittarius,16,base.aniso._lam0h_raw,1.0,-2.8,base_param
Sagittarius,16,base.aniso._kappa,0.0,-1.658997438,base_param
Sagittarius,16,base.aniso._kappa,1.0,-1.658997438,base_param
Sagittarius,16,base.aniso._tau_raw,0.0,-3.986006898,base_param
Sagittarius,16,base.aniso._tau_raw,1.0,-3.986006898,base_param
Sagittarius,16,base.aniso._tau_raw,2.0,0.9984636171,base_param
Sagittarius,16,base.aniso._tau_raw,3.0,-2.056678868,base_param
Sagittarius,16,base.aniso._sigma_s_raw,0.0,-2.0,base_param
Sagittarius,16,base.aniso._sigma_s_raw,1.0,-2.0,base_param
Sagittarius,16,base.aniso._sigma_s_raw,2.0,-2.0,base_param
Sagittarius,16,base.aniso._sigma_s_raw,3.0,-2.0,base_param
Sagittarius,16,base.aniso._lambda_lb_raw,0.0,-1.164985338,base_param
Sagittarius,16,base.aniso._lambda_lb_raw,1.0,-1.164985338,base_param
Sagittarius,16,base.aniso._lambda_lb_raw,2.0,-1.035243631,base_param
Sagittarius,16,base.aniso._lambda_lb_raw,3.0,-1.025793709,base_param
Sagittarius,16,base.aniso._lambda_ub_raw,0.0,1.418182903,base_param
Sagittarius,16,base.aniso._lambda_ub_raw,1.0,1.418182903,base_param
Sagittarius,16,base.aniso._lambda_ub_raw,2.0,3.556637199,base_param
Sagittarius,16,base.aniso._lambda_ub_raw,3.0,0.6311081042,base_param
Sagittarius,16,base.aniso._logn_mu_raw,0.0,-3.986610188,base_param
Sagittarius,16,base.aniso._logn_mu_raw,1.0,-3.986610188,base_param
Sagittarius,16,base.aniso._logn_mu_raw,2.0,-2.385021589,base_param
Sagittarius,16,base.aniso._logn_mu_raw,3.0,-3.552844523,base_param
Sagittarius,16,base.aniso._logn_sig_raw,0.0,-4.690864031,base_param
Sagittarius,16,base.aniso._logn_sig_raw,1.0,-4.690864031,base_param
Sagittarius,16,base.aniso._logn_sig_raw,2.0,-6.783836752,base_param
Sagittarius,16,base.aniso._logn_sig_raw,3.0,-3.473552693,base_param
Sagittarius,16,base.aniso._beta_a_raw,0.0,0.2,base_param
Sagittarius,16,base.aniso._beta_a_raw,1.0,0.2,base_param
Sagittarius,16,base.aniso._beta_a_raw,2.0,0.2,base_param
Sagittarius,16,base.aniso._beta_a_raw,3.0,0.2,base_param
Sagittarius,16,base.aniso._beta_b_raw,0.0,0.2,base_param
Sagittarius,16,base.aniso._beta_b_raw,1.0,0.2,base_param
Sagittarius,16,base.aniso._beta_b_raw,2.0,0.2,base_param
Sagittarius,16,base.aniso._beta_b_raw,3.0,0.2,base_param
Sagittarius,16,base.aniso._recruit_ref_stretch,,1.397627628,base_param
Sagittarius,16,base.aniso.quad_x,0.0,0.005299,base_param
Sagittarius,16,base.aniso.quad_x,1.0,0.027712,base_param
Sagittarius,16,base.aniso.quad_x,2.0,0.067184,base_param
Sagittarius,16,base.aniso.quad_x,3.0,0.122299,base_param
Sagittarius,16,base.aniso.quad_x,4.0,0.191061,base_param
Sagittarius,16,base.aniso.quad_x,5.0,0.270991,base_param
Sagittarius,16,base.aniso.quad_x,6.0,0.359009,base_param
Sagittarius,16,base.aniso.quad_x,7.0,0.451846,base_param
Sagittarius,16,base.aniso.quad_x,8.0,0.546156,base_param
Sagittarius,16,base.aniso.quad_x,9.0,0.638756,base_param
Sagittarius,16,base.aniso.quad_x,10.0,0.726781,base_param
Sagittarius,16,base.aniso.quad_x,11.0,0.807785,base_param
Sagittarius,16,base.aniso.quad_w,0.0,0.013576,base_param
Sagittarius,16,base.aniso.quad_w,1.0,0.031126,base_param
Sagittarius,16,base.aniso.quad_w,2.0,0.047579,base_param
Sagittarius,16,base.aniso.quad_w,3.0,0.062314,base_param
Sagittarius,16,base.aniso.quad_w,4.0,0.074797,base_param
Sagittarius,16,base.aniso.quad_w,5.0,0.084578,base_param
Sagittarius,16,base.aniso.quad_w,6.0,0.091322,base_param
Sagittarius,16,base.aniso.quad_w,7.0,0.094827,base_param
Sagittarius,16,base.aniso.quad_w,8.0,0.095038,base_param
Sagittarius,16,base.aniso.quad_w,9.0,0.092045,base_param
Sagittarius,16,base.aniso.quad_w,10.0,0.086079,base_param
Sagittarius,16,base.aniso.quad_w,11.0,0.0775,base_param
Dodge,28,w[I₁-3],,0.004349616315,cross_weight
Dodge,28,w[I₂-3],,0.002401645686,cross_weight
Dodge,28,w[<I₂-3>ln(1+<I₂-3>)],,0.004822168795,cross_weight
Dodge,28,w[<I₄θ-1>],,0.001658330019,cross_weight
Dodge,28,w[<I₄z-1>],,0.9518321649,cross_weight
Dodge,28,w[<I₄D1-1>],,0.002082784851,cross_weight
Dodge,28,w[<I₄D2-1>],,0.002082784851,cross_weight
Dodge,28,w[(<I₄θ-1>)³],,0.7709567901,cross_weight
Dodge,28,w[<I₂-3>·<E_z>],,0.001513136385,cross_weight
Dodge,28,w[I₈D1D2],,1.047854358,cross_weight
Dodge,28,base.iso._bth,,-8.312027251,base_param
Dodge,28,base.iso._bz,,-0.3865997579,base_param
Dodge,28,base.iso.bthz,,7.105113951,base_param
Dodge,28,base.aniso._α,,-0.003742688908,base_param
Dodge,28,base.aniso._k1,0.0,16.57112271,base_param
Dodge,28,base.aniso._k1,1.0,16.57112271,base_param
Dodge,28,base.aniso._k1,2.0,8.032405512,base_param
Dodge,28,base.aniso._k1,3.0,3.471674458,base_param
Dodge,28,base.aniso._k2,0.0,0.04092425511,base_param
Dodge,28,base.aniso._k2,1.0,0.04092425511,base_param
Dodge,28,base.aniso._k2,2.0,1.000669088,base_param
Dodge,28,base.aniso._k2,3.0,-1.017160067,base_param
Dodge,28,base.aniso._lam0_raw,0.0,-2.0,base_param
Dodge,28,base.aniso._lam0_raw,1.0,-2.0,base_param
Dodge,28,base.aniso._lam0_raw,2.0,-2.0,base_param
Dodge,28,base.aniso._lam0_raw,3.0,-2.0,base_param
Dodge,28,base.aniso._lam0h_raw,0.0,-2.8,base_param
Dodge,28,base.aniso._lam0h_raw,1.0,-2.8,base_param
Dodge,28,base.aniso._kappa,0.0,-2.213025048,base_param
Dodge,28,base.aniso._kappa,1.0,-2.213025048,base_param
Dodge,28,base.aniso._tau_raw,0.0,10.22110188,base_param
Dodge,28,base.aniso._tau_raw,1.0,10.22110188,base_param
Dodge,28,base.aniso._tau_raw,2.0,1.337741249,base_param
Dodge,28,base.aniso._tau_raw,3.0,-1.735307999,base_param
Dodge,28,base.aniso._sigma_s_raw,0.0,-2.0,base_param
Dodge,28,base.aniso._sigma_s_raw,1.0,-2.0,base_param
Dodge,28,base.aniso._sigma_s_raw,2.0,-2.0,base_param
Dodge,28,base.aniso._sigma_s_raw,3.0,-2.0,base_param
Dodge,28,base.aniso._lambda_lb_raw,0.0,-0.7440508018,base_param
Dodge,28,base.aniso._lambda_lb_raw,1.0,-0.7440508018,base_param
Dodge,28,base.aniso._lambda_lb_raw,2.0,0.05915479418,base_param
Dodge,28,base.aniso._lambda_lb_raw,3.0,-1.025374718,base_param
Dodge,28,base.aniso._lambda_ub_raw,0.0,-0.8660973254,base_param
Dodge,28,base.aniso._lambda_ub_raw,1.0,-0.8660973254,base_param
Dodge,28,base.aniso._lambda_ub_raw,2.0,-0.3242490987,base_param
Dodge,28,base.aniso._lambda_ub_raw,3.0,1.906062512,base_param
Dodge,28,base.aniso._logn_mu_raw,0.0,-3.712916727,base_param
Dodge,28,base.aniso._logn_mu_raw,1.0,-3.712916727,base_param
Dodge,28,base.aniso._logn_mu_raw,2.0,-2.523183275,base_param
Dodge,28,base.aniso._logn_mu_raw,3.0,-3.322753721,base_param
Dodge,28,base.aniso._logn_sig_raw,0.0,-9.536269615,base_param
Dodge,28,base.aniso._logn_sig_raw,1.0,-9.536269615,base_param
Dodge,28,base.aniso._logn_sig_raw,2.0,-5.509112275,base_param
Dodge,28,base.aniso._logn_sig_raw,3.0,-1.78526723,base_param
Dodge,28,base.aniso._beta_a_raw,0.0,0.2,base_param
Dodge,28,base.aniso._beta_a_raw,1.0,0.2,base_param
Dodge,28,base.aniso._beta_a_raw,2.0,0.2,base_param
Dodge,28,base.aniso._beta_a_raw,3.0,0.2,base_param
Dodge,28,base.aniso._beta_b_raw,0.0,0.2,base_param
Dodge,28,base.aniso._beta_b_raw,1.0,0.2,base_param
Dodge,28,base.aniso._beta_b_raw,2.0,0.2,base_param
Dodge,28,base.aniso._beta_b_raw,3.0,0.2,base_param
Dodge,28,base.aniso._recruit_ref_stretch,,1.535645145,base_param
Dodge,28,base.aniso.quad_x,0.0,0.005299,base_param
Dodge,28,base.aniso.quad_x,1.0,0.027712,base_param
Dodge,28,base.aniso.quad_x,2.0,0.067184,base_param
Dodge,28,base.aniso.quad_x,3.0,0.122299,base_param
Dodge,28,base.aniso.quad_x,4.0,0.191061,base_param
Dodge,28,base.aniso.quad_x,5.0,0.270991,base_param
Dodge,28,base.aniso.quad_x,6.0,0.359009,base_param
Dodge,28,base.aniso.quad_x,7.0,0.451846,base_param
Dodge,28,base.aniso.quad_x,8.0,0.546156,base_param
Dodge,28,base.aniso.quad_x,9.0,0.638756,base_param
Dodge,28,base.aniso.quad_x,10.0,0.726781,base_param
Dodge,28,base.aniso.quad_x,11.0,0.807785,base_param
Dodge,28,base.aniso.quad_w,0.0,0.013576,base_param
Dodge,28,base.aniso.quad_w,1.0,0.031126,base_param
Dodge,28,base.aniso.quad_w,2.0,0.047579,base_param
Dodge,28,base.aniso.quad_w,3.0,0.062314,base_param
Dodge,28,base.aniso.quad_w,4.0,0.074797,base_param
Dodge,28,base.aniso.quad_w,5.0,0.084578,base_param
Dodge,28,base.aniso.quad_w,6.0,0.091322,base_param
Dodge,28,base.aniso.quad_w,7.0,0.094827,base_param
Dodge,28,base.aniso.quad_w,8.0,0.095038,base_param
Dodge,28,base.aniso.quad_w,9.0,0.092045,base_param
Dodge,28,base.aniso.quad_w,10.0,0.086079,base_param
Dodge,28,base.aniso.quad_w,11.0,0.0775,base_param
Lexus,28,w[I₁-3],,0.09024998735,cross_weight
Lexus,28,w[I₂-3],,0.02461494909,cross_weight
Lexus,28,w[<I₂-3>ln(1+<I₂-3>)],,0.00320309606,cross_weight
Lexus,28,w[<I₄θ-1>],,0.2899769724,cross_weight
Lexus,28,w[<I₄z-1>],,0.01435478135,cross_weight
Lexus,28,w[<I₄D1-1>],,0.1655279829,cross_weight
Lexus,28,w[<I₄D2-1>],,0.1655279829,cross_weight
Lexus,28,w[(<I₄θ-1>)³],,0.001605687148,cross_weight
Lexus,28,w[<I₂-3>·<E_z>],,0.006261070382,cross_weight
Lexus,28,w[I₈D1D2],,0.2377675565,cross_weight
Lexus,28,base.iso._bth,,-1.971677872,base_param
Lexus,28,base.iso._bz,,-2.346764151,base_param
Lexus,28,base.iso.bthz,,2.698333372,base_param
Lexus,28,base.aniso._α,,0.6691129824,base_param
Lexus,28,base.aniso._k1,0.0,-4.863784615,base_param
Lexus,28,base.aniso._k1,1.0,-4.863784615,base_param
Lexus,28,base.aniso._k1,2.0,-17.06862657,base_param
Lexus,28,base.aniso._k1,3.0,6.886714767,base_param
Lexus,28,base.aniso._k2,0.0,6.15352455,base_param
Lexus,28,base.aniso._k2,1.0,6.15352455,base_param
Lexus,28,base.aniso._k2,2.0,4.322166142,base_param
Lexus,28,base.aniso._k2,3.0,1.361186495,base_param
Lexus,28,base.aniso._lam0_raw,0.0,-2.0,base_param
Lexus,28,base.aniso._lam0_raw,1.0,-2.0,base_param
Lexus,28,base.aniso._lam0_raw,2.0,-2.0,base_param
Lexus,28,base.aniso._lam0_raw,3.0,-2.0,base_param
Lexus,28,base.aniso._lam0h_raw,0.0,-2.8,base_param
Lexus,28,base.aniso._lam0h_raw,1.0,-2.8,base_param
Lexus,28,base.aniso._kappa,0.0,1.977961948,base_param
Lexus,28,base.aniso._kappa,1.0,1.977961948,base_param
Lexus,28,base.aniso._tau_raw,0.0,-1.50009985,base_param
Lexus,28,base.aniso._tau_raw,1.0,-1.50009985,base_param
Lexus,28,base.aniso._tau_raw,2.0,-0.1754035023,base_param
Lexus,28,base.aniso._tau_raw,3.0,-2.172559303,base_param
Lexus,28,base.aniso._sigma_s_raw,0.0,-2.0,base_param
Lexus,28,base.aniso._sigma_s_raw,1.0,-2.0,base_param
Lexus,28,base.aniso._sigma_s_raw,2.0,-2.0,base_param
Lexus,28,base.aniso._sigma_s_raw,3.0,-2.0,base_param
Lexus,28,base.aniso._lambda_lb_raw,0.0,-1.124257744,base_param
Lexus,28,base.aniso._lambda_lb_raw,1.0,-1.124257744,base_param
Lexus,28,base.aniso._lambda_lb_raw,2.0,-0.936582095,base_param
Lexus,28,base.aniso._lambda_lb_raw,3.0,-1.022914688,base_param
Lexus,28,base.aniso._lambda_ub_raw,0.0,1.895225518,base_param
Lexus,28,base.aniso._lambda_ub_raw,1.0,1.895225518,base_param
Lexus,28,base.aniso._lambda_ub_raw,2.0,2.140827855,base_param
Lexus,28,base.aniso._lambda_ub_raw,3.0,-2.246031388,base_param
Lexus,28,base.aniso._logn_mu_raw,0.0,-3.565710858,base_param
Lexus,28,base.aniso._logn_mu_raw,1.0,-3.565710858,base_param
Lexus,28,base.aniso._logn_mu_raw,2.0,-2.296960317,base_param
Lexus,28,base.aniso._logn_mu_raw,3.0,-2.034060913,base_param
Lexus,28,base.aniso._logn_sig_raw,0.0,-2.290257934,base_param
Lexus,28,base.aniso._logn_sig_raw,1.0,-2.290257934,base_param
Lexus,28,base.aniso._logn_sig_raw,2.0,-1.697358692,base_param
Lexus,28,base.aniso._logn_sig_raw,3.0,-4.486771915,base_param
Lexus,28,base.aniso._beta_a_raw,0.0,-0.87183897,base_param
Lexus,28,base.aniso._beta_a_raw,1.0,-0.87183897,base_param
Lexus,28,base.aniso._beta_a_raw,2.0,-0.87183897,base_param
Lexus,28,base.aniso._beta_a_raw,3.0,-0.81093022,base_param
Lexus,28,base.aniso._beta_b_raw,0.0,-0.5798185,base_param
Lexus,28,base.aniso._beta_b_raw,1.0,-0.47000363,base_param
Lexus,28,base.aniso._beta_b_raw,2.0,-0.05129329,base_param
Lexus,28,base.aniso._beta_b_raw,3.0,-1.2039728,base_param
Lexus,28,base.aniso._recruit_ref_stretch,,1.330496997,base_param
Lexus,28,base.aniso.quad_x,0.0,0.005299,base_param
Lexus,28,base.aniso.quad_x,1.0,0.027712,base_param
Lexus,28,base.aniso.quad_x,2.0,0.067184,base_param
Lexus,28,base.aniso.quad_x,3.0,0.122299,base_param
Lexus,28,base.aniso.quad_x,4.0,0.191061,base_param
Lexus,28,base.aniso.quad_x,5.0,0.270991,base_param
Lexus,28,base.aniso.quad_x,6.0,0.359009,base_param
Lexus,28,base.aniso.quad_x,7.0,0.451846,base_param
Lexus,28,base.aniso.quad_x,8.0,0.546156,base_param
Lexus,28,base.aniso.quad_x,9.0,0.638756,base_param
Lexus,28,base.aniso.quad_x,10.0,0.726781,base_param
Lexus,28,base.aniso.quad_x,11.0,0.807785,base_param
Lexus,28,base.aniso.quad_w,0.0,0.013576,base_param
Lexus,28,base.aniso.quad_w,1.0,0.031126,base_param
Lexus,28,base.aniso.quad_w,2.0,0.047579,base_param
Lexus,28,base.aniso.quad_w,3.0,0.062314,base_param
Lexus,28,base.aniso.quad_w,4.0,0.074797,base_param
Lexus,28,base.aniso.quad_w,5.0,0.084578,base_param
Lexus,28,base.aniso.quad_w,6.0,0.091322,base_param
Lexus,28,base.aniso.quad_w,7.0,0.094827,base_param
Lexus,28,base.aniso.quad_w,8.0,0.095038,base_param
Lexus,28,base.aniso.quad_w,9.0,0.092045,base_param
Lexus,28,base.aniso.quad_w,10.0,0.086079,base_param
Lexus,28,base.aniso.quad_w,11.0,0.0775,base_param
Mercedes,28,w[I₁-3],,0.004208144603,cross_weight
Mercedes,28,w[I₂-3],,0.004560546692,cross_weight
Mercedes,28,w[<I₂-3>ln(1+<I₂-3>)],,0.005799241805,cross_weight
Mercedes,28,w[<I₄θ-1>],,0.004899173271,cross_weight
Mercedes,28,w[<I₄z-1>],,0.004978618978,cross_weight
Mercedes,28,w[<I₄D1-1>],,0.01022691632,cross_weight
Mercedes,28,w[<I₄D2-1>],,0.01022691632,cross_weight
Mercedes,28,w[(<I₄θ-1>)³],,0.005014474247,cross_weight
Mercedes,28,w[<I₂-3>·<E_z>],,0.06056460976,cross_weight
Mercedes,28,w[I₈D1D2],,0.1851365652,cross_weight
Mercedes,28,base.iso._bth,,-6.229546463,base_param
Mercedes,28,base.iso._bz,,-3.90059577,base_param
Mercedes,28,base.iso.bthz,,0.9689916599,base_param
Mercedes,28,base.aniso._α,,-0.08439961798,base_param
Mercedes,28,base.aniso._k1,0.0,4.527753832,base_param
Mercedes,28,base.aniso._k1,1.0,4.527753832,base_param
Mercedes,28,base.aniso._k1,2.0,-3.699038275,base_param
Mercedes,28,base.aniso._k1,3.0,-0.9824478901,base_param
Mercedes,28,base.aniso._k2,0.0,-4.025384233,base_param
Mercedes,28,base.aniso._k2,1.0,-4.025384233,base_param
Mercedes,28,base.aniso._k2,2.0,12.71513071,base_param
Mercedes,28,base.aniso._k2,3.0,2.384802993,base_param
Mercedes,28,base.aniso._lam0_raw,0.0,-2.0,base_param
Mercedes,28,base.aniso._lam0_raw,1.0,-2.0,base_param
Mercedes,28,base.aniso._lam0_raw,2.0,-2.0,base_param
Mercedes,28,base.aniso._lam0_raw,3.0,-2.0,base_param
Mercedes,28,base.aniso._lam0h_raw,0.0,-2.8,base_param
Mercedes,28,base.aniso._lam0h_raw,1.0,-2.8,base_param
Mercedes,28,base.aniso._kappa,0.0,-0.9392136636,base_param
Mercedes,28,base.aniso._kappa,1.0,-0.9392136636,base_param
Mercedes,28,base.aniso._tau_raw,0.0,-6.028850572,base_param
Mercedes,28,base.aniso._tau_raw,1.0,-6.028850572,base_param
Mercedes,28,base.aniso._tau_raw,2.0,-2.702300294,base_param
Mercedes,28,base.aniso._tau_raw,3.0,0.7963404062,base_param
Mercedes,28,base.aniso._sigma_s_raw,0.0,-2.0,base_param
Mercedes,28,base.aniso._sigma_s_raw,1.0,-2.0,base_param
Mercedes,28,base.aniso._sigma_s_raw,2.0,-2.0,base_param
Mercedes,28,base.aniso._sigma_s_raw,3.0,-2.0,base_param
Mercedes,28,base.aniso._lambda_lb_raw,0.0,-1.095942198,base_param
Mercedes,28,base.aniso._lambda_lb_raw,1.0,-1.095942198,base_param
Mercedes,28,base.aniso._lambda_lb_raw,2.0,-1.063108767,base_param
Mercedes,28,base.aniso._lambda_lb_raw,3.0,-1.024920307,base_param
Mercedes,28,base.aniso._lambda_ub_raw,0.0,2.110999661,base_param
Mercedes,28,base.aniso._lambda_ub_raw,1.0,2.110999661,base_param
Mercedes,28,base.aniso._lambda_ub_raw,2.0,2.953214267,base_param
Mercedes,28,base.aniso._lambda_ub_raw,3.0,1.668912485,base_param
Mercedes,28,base.aniso._logn_mu_raw,0.0,-3.709870317,base_param
Mercedes,28,base.aniso._logn_mu_raw,1.0,-3.709870317,base_param
Mercedes,28,base.aniso._logn_mu_raw,2.0,-4.976443146,base_param
Mercedes,28,base.aniso._logn_mu_raw,3.0,-2.962589085,base_param
Mercedes,28,base.aniso._logn_sig_raw,0.0,-3.86692773,base_param
Mercedes,28,base.aniso._logn_sig_raw,1.0,-3.86692773,base_param
Mercedes,28,base.aniso._logn_sig_raw,2.0,-6.638471036,base_param
Mercedes,28,base.aniso._logn_sig_raw,3.0,-1.091269399,base_param
Mercedes,28,base.aniso._beta_a_raw,0.0,0.2,base_param
Mercedes,28,base.aniso._beta_a_raw,1.0,0.2,base_param
Mercedes,28,base.aniso._beta_a_raw,2.0,0.2,base_param
Mercedes,28,base.aniso._beta_a_raw,3.0,0.2,base_param
Mercedes,28,base.aniso._beta_b_raw,0.0,0.2,base_param
Mercedes,28,base.aniso._beta_b_raw,1.0,0.2,base_param
Mercedes,28,base.aniso._beta_b_raw,2.0,0.2,base_param
Mercedes,28,base.aniso._beta_b_raw,3.0,0.2,base_param
Mercedes,28,base.aniso._recruit_ref_stretch,,1.418008008,base_param
Mercedes,28,base.aniso.quad_x,0.0,0.005299,base_param
Mercedes,28,base.aniso.quad_x,1.0,0.027712,base_param
Mercedes,28,base.aniso.quad_x,2.0,0.067184,base_param
Mercedes,28,base.aniso.quad_x,3.0,0.122299,base_param
Mercedes,28,base.aniso.quad_x,4.0,0.191061,base_param
Mercedes,28,base.aniso.quad_x,5.0,0.270991,base_param
Mercedes,28,base.aniso.quad_x,6.0,0.359009,base_param
Mercedes,28,base.aniso.quad_x,7.0,0.451846,base_param
Mercedes,28,base.aniso.quad_x,8.0,0.546156,base_param
Mercedes,28,base.aniso.quad_x,9.0,0.638756,base_param
Mercedes,28,base.aniso.quad_x,10.0,0.726781,base_param
Mercedes,28,base.aniso.quad_x,11.0,0.807785,base_param
Mercedes,28,base.aniso.quad_w,0.0,0.013576,base_param
Mercedes,28,base.aniso.quad_w,1.0,0.031126,base_param
Mercedes,28,base.aniso.quad_w,2.0,0.047579,base_param
Mercedes,28,base.aniso.quad_w,3.0,0.062314,base_param
Mercedes,28,base.aniso.quad_w,4.0,0.074797,base_param
Mercedes,28,base.aniso.quad_w,5.0,0.084578,base_param
Mercedes,28,base.aniso.quad_w,6.0,0.091322,base_param
Mercedes,28,base.aniso.quad_w,7.0,0.094827,base_param
Mercedes,28,base.aniso.quad_w,8.0,0.095038,base_param
Mercedes,28,base.aniso.quad_w,9.0,0.092045,base_param
Mercedes,28,base.aniso.quad_w,10.0,0.086079,base_param
Mercedes,28,base.aniso.quad_w,11.0,0.0775,base_param
Lucid,3,w[I₁-3],,0.004695330151,cross_weight
Lucid,3,w[I₂-3],,0.001862355147,cross_weight
Lucid,3,w[<I₂-3>ln(1+<I₂-3>)],,0.000640806648,cross_weight
Lucid,3,w[<I₄θ-1>],,0.0234628971,cross_weight
Lucid,3,w[<I₄z-1>],,0.2735272337,cross_weight
Lucid,3,w[<I₄D1-1>],,0.05005157686,cross_weight
Lucid,3,w[<I₄D2-1>],,0.05005157686,cross_weight
Lucid,3,w[(<I₄θ-1>)³],,0.0005284556822,cross_weight
Lucid,3,w[<I₂-3>·<E_z>],,0.0004927201814,cross_weight
Lucid,3,w[I₈D1D2],,0.2602305008,cross_weight
Lucid,3,base.iso._bth,,-7.816679967,base_param
Lucid,3,base.iso._bz,,3.316391312,base_param
Lucid,3,base.iso.bthz,,-0.9195485576,base_param
Lucid,3,base.aniso._α,,-0.3954690283,base_param
Lucid,3,base.aniso._k1,0.0,3.983682431,base_param
Lucid,3,base.aniso._k1,1.0,3.983682431,base_param
Lucid,3,base.aniso._k1,2.0,-10.80801679,base_param
Lucid,3,base.aniso._k1,3.0,25.11624976,base_param
Lucid,3,base.aniso._k2,0.0,10.91721634,base_param
Lucid,3,base.aniso._k2,1.0,10.91721634,base_param
Lucid,3,base.aniso._k2,2.0,7.860057504,base_param
Lucid,3,base.aniso._k2,3.0,26.19899373,base_param
Lucid,3,base.aniso._lam0_raw,0.0,-2.0,base_param
Lucid,3,base.aniso._lam0_raw,1.0,-2.0,base_param
Lucid,3,base.aniso._lam0_raw,2.0,-2.0,base_param
Lucid,3,base.aniso._lam0_raw,3.0,-2.0,base_param
Lucid,3,base.aniso._lam0h_raw,0.0,-2.8,base_param
Lucid,3,base.aniso._lam0h_raw,1.0,-2.8,base_param
Lucid,3,base.aniso._kappa,0.0,-1.29730326,base_param
Lucid,3,base.aniso._kappa,1.0,-1.29730326,base_param
Lucid,3,base.aniso._tau_raw,0.0,0.4753354795,base_param
Lucid,3,base.aniso._tau_raw,1.0,0.4753354795,base_param
Lucid,3,base.aniso._tau_raw,2.0,-1.047131508,base_param
Lucid,3,base.aniso._tau_raw,3.0,-7.321911377,base_param
Lucid,3,base.aniso._sigma_s_raw,0.0,-2.0,base_param
Lucid,3,base.aniso._sigma_s_raw,1.0,-2.0,base_param
Lucid,3,base.aniso._sigma_s_raw,2.0,-2.0,base_param
Lucid,3,base.aniso._sigma_s_raw,3.0,-2.0,base_param
Lucid,3,base.aniso._lambda_lb_raw,0.0,-0.8414910775,base_param
Lucid,3,base.aniso._lambda_lb_raw,1.0,-0.8414910775,base_param
Lucid,3,base.aniso._lambda_lb_raw,2.0,-0.2550030895,base_param
Lucid,3,base.aniso._lambda_lb_raw,3.0,0.03389393693,base_param
Lucid,3,base.aniso._lambda_ub_raw,0.0,-3.548920602,base_param
Lucid,3,base.aniso._lambda_ub_raw,1.0,-3.548920602,base_param
Lucid,3,base.aniso._lambda_ub_raw,2.0,1.524360426,base_param
Lucid,3,base.aniso._lambda_ub_raw,3.0,-0.323880027,base_param
Lucid,3,base.aniso._logn_mu_raw,0.0,-1.506181297,base_param
Lucid,3,base.aniso._logn_mu_raw,1.0,-1.506181297,base_param
Lucid,3,base.aniso._logn_mu_raw,2.0,-3.344902932,base_param
Lucid,3,base.aniso._logn_mu_raw,3.0,-1.059396034,base_param
Lucid,3,base.aniso._logn_sig_raw,0.0,-3.930538109,base_param
Lucid,3,base.aniso._logn_sig_raw,1.0,-3.930538109,base_param
Lucid,3,base.aniso._logn_sig_raw,2.0,-2.315773585,base_param
Lucid,3,base.aniso._logn_sig_raw,3.0,-8.718859326,base_param
Lucid,3,base.aniso._beta_a_raw,0.0,-0.87183897,base_param
Lucid,3,base.aniso._beta_a_raw,1.0,-0.87183897,base_param
Lucid,3,base.aniso._beta_a_raw,2.0,-0.87183897,base_param
Lucid,3,base.aniso._beta_a_raw,3.0,-0.81093022,base_param
Lucid,3,base.aniso._beta_b_raw,0.0,-0.5798185,base_param
Lucid,3,base.aniso._beta_b_raw,1.0,-0.47000363,base_param
Lucid,3,base.aniso._beta_b_raw,2.0,-0.05129329,base_param
Lucid,3,base.aniso._beta_b_raw,3.0,-1.2039728,base_param
Lucid,3,base.aniso._recruit_ref_stretch,,1.431810811,base_param
Lucid,3,base.aniso.quad_x,0.0,0.005299,base_param
Lucid,3,base.aniso.quad_x,1.0,0.027712,base_param
Lucid,3,base.aniso.quad_x,2.0,0.067184,base_param
Lucid,3,base.aniso.quad_x,3.0,0.122299,base_param
Lucid,3,base.aniso.quad_x,4.0,0.191061,base_param
Lucid,3,base.aniso.quad_x,5.0,0.270991,base_param
Lucid,3,base.aniso.quad_x,6.0,0.359009,base_param
Lucid,3,base.aniso.quad_x,7.0,0.451846,base_param
Lucid,3,base.aniso.quad_x,8.0,0.546156,base_param
Lucid,3,base.aniso.quad_x,9.0,0.638756,base_param
Lucid,3,base.aniso.quad_x,10.0,0.726781,base_param
Lucid,3,base.aniso.quad_x,11.0,0.807785,base_param
Lucid,3,base.aniso.quad_w,0.0,0.013576,base_param
Lucid,3,base.aniso.quad_w,1.0,0.031126,base_param
Lucid,3,base.aniso.quad_w,2.0,0.047579,base_param
Lucid,3,base.aniso.quad_w,3.0,0.062314,base_param
Lucid,3,base.aniso.quad_w,4.0,0.074797,base_param
Lucid,3,base.aniso.quad_w,5.0,0.084578,base_param
Lucid,3,base.aniso.quad_w,6.0,0.091322,base_param
Lucid,3,base.aniso.quad_w,7.0,0.094827,base_param
Lucid,3,base.aniso.quad_w,8.0,0.095038,base_param
Lucid,3,base.aniso.quad_w,9.0,0.092045,base_param
Lucid,3,base.aniso.quad_w,10.0,0.086079,base_param
Lucid,3,base.aniso.quad_w,11.0,0.0775,base_param
Rosie,3,w[I₁-3],,0.09315855866,cross_weight
Rosie,3,w[I₂-3],,0.4975219647,cross_weight
Rosie,3,w[<I₂-3>ln(1+<I₂-3>)],,0.0846823927,cross_weight
Rosie,3,w[<I₄θ-1>],,0.004585167195,cross_weight
Rosie,3,w[<I₄z-1>],,0.04293251094,cross_weight
Rosie,3,w[<I₄D1-1>],,0.005157838656,cross_weight
Rosie,3,w[<I₄D2-1>],,0.005157838656,cross_weight
Rosie,3,w[(<I₄θ-1>)³],,0.1949465175,cross_weight
Rosie,3,w[<I₂-3>·<E_z>],,0.005557001385,cross_weight
Rosie,3,w[I₈D1D2],,0.09262305978,cross_weight
Rosie,3,base.iso._bth,,-5.677208721,base_param
Rosie,3,base.iso._bz,,2.12501652,base_param
Rosie,3,base.iso.bthz,,-0.6749813186,base_param
Rosie,3,base.aniso._α,,0.1662747471,base_param
Rosie,3,base.aniso._k1,0.0,9.901847534,base_param
Rosie,3,base.aniso._k1,1.0,9.901847534,base_param
Rosie,3,base.aniso._k1,2.0,-10.10355771,base_param
Rosie,3,base.aniso._k1,3.0,-2.222042582,base_param
Rosie,3,base.aniso._k2,0.0,-1.640037183,base_param
Rosie,3,base.aniso._k2,1.0,-1.640037183,base_param
Rosie,3,base.aniso._k2,2.0,10.95538704,base_param
Rosie,3,base.aniso._k2,3.0,5.071696274,base_param
Rosie,3,base.aniso._lam0_raw,0.0,-2.0,base_param
Rosie,3,base.aniso._lam0_raw,1.0,-2.0,base_param
Rosie,3,base.aniso._lam0_raw,2.0,-2.0,base_param
Rosie,3,base.aniso._lam0_raw,3.0,-2.0,base_param
Rosie,3,base.aniso._lam0h_raw,0.0,-2.8,base_param
Rosie,3,base.aniso._lam0h_raw,1.0,-2.8,base_param
Rosie,3,base.aniso._kappa,0.0,-4.339116145,base_param
Rosie,3,base.aniso._kappa,1.0,-4.339116145,base_param
Rosie,3,base.aniso._tau_raw,0.0,-1.365381818,base_param
Rosie,3,base.aniso._tau_raw,1.0,-1.365381818,base_param
Rosie,3,base.aniso._tau_raw,2.0,-0.5201613811,base_param
Rosie,3,base.aniso._tau_raw,3.0,0.435703568,base_param
Rosie,3,base.aniso._sigma_s_raw,0.0,-2.0,base_param
Rosie,3,base.aniso._sigma_s_raw,1.0,-2.0,base_param
Rosie,3,base.aniso._sigma_s_raw,2.0,-2.0,base_param
Rosie,3,base.aniso._sigma_s_raw,3.0,-2.0,base_param
Rosie,3,base.aniso._lambda_lb_raw,0.0,-0.8188149523,base_param
Rosie,3,base.aniso._lambda_lb_raw,1.0,-0.8188149523,base_param
Rosie,3,base.aniso._lambda_lb_raw,2.0,-0.8352540722,base_param
Rosie,3,base.aniso._lambda_lb_raw,3.0,-1.025400807,base_param
Rosie,3,base.aniso._lambda_ub_raw,0.0,1.168786197,base_param
Rosie,3,base.aniso._lambda_ub_raw,1.0,1.168786197,base_param
Rosie,3,base.aniso._lambda_ub_raw,2.0,2.874274269,base_param
Rosie,3,base.aniso._lambda_ub_raw,3.0,2.745460903,base_param
Rosie,3,base.aniso._logn_mu_raw,0.0,-0.7364124402,base_param
Rosie,3,base.aniso._logn_mu_raw,1.0,-0.7364124402,base_param
Rosie,3,base.aniso._logn_mu_raw,2.0,-3.688847214,base_param
Rosie,3,base.aniso._logn_mu_raw,3.0,-3.406876906,base_param
Rosie,3,base.aniso._logn_sig_raw,0.0,-7.028457456,base_param
Rosie,3,base.aniso._logn_sig_raw,1.0,-7.028457456,base_param
Rosie,3,base.aniso._logn_sig_raw,2.0,-4.896302455,base_param
Rosie,3,base.aniso._logn_sig_raw,3.0,-2.981603949,base_param
Rosie,3,base.aniso._beta_a_raw,0.0,0.2,base_param
Rosie,3,base.aniso._beta_a_raw,1.0,0.2,base_param
Rosie,3,base.aniso._beta_a_raw,2.0,0.2,base_param
Rosie,3,base.aniso._beta_a_raw,3.0,0.2,base_param
Rosie,3,base.aniso._beta_b_raw,0.0,0.2,base_param
Rosie,3,base.aniso._beta_b_raw,1.0,0.2,base_param
Rosie,3,base.aniso._beta_b_raw,2.0,0.2,base_param
Rosie,3,base.aniso._beta_b_raw,3.0,0.2,base_param
Rosie,3,base.aniso._recruit_ref_stretch,,1.156481481,base_param
Rosie,3,base.aniso.quad_x,0.0,0.005299,base_param
Rosie,3,base.aniso.quad_x,1.0,0.027712,base_param
Rosie,3,base.aniso.quad_x,2.0,0.067184,base_param
Rosie,3,base.aniso.quad_x,3.0,0.122299,base_param
Rosie,3,base.aniso.quad_x,4.0,0.191061,base_param
Rosie,3,base.aniso.quad_x,5.0,0.270991,base_param
Rosie,3,base.aniso.quad_x,6.0,0.359009,base_param
Rosie,3,base.aniso.quad_x,7.0,0.451846,base_param
Rosie,3,base.aniso.quad_x,8.0,0.546156,base_param
Rosie,3,base.aniso.quad_x,9.0,0.638756,base_param
Rosie,3,base.aniso.quad_x,10.0,0.726781,base_param
Rosie,3,base.aniso.quad_x,11.0,0.807785,base_param
Rosie,3,base.aniso.quad_w,0.0,0.013576,base_param
Rosie,3,base.aniso.quad_w,1.0,0.031126,base_param
Rosie,3,base.aniso.quad_w,2.0,0.047579,base_param
Rosie,3,base.aniso.quad_w,3.0,0.062314,base_param
Rosie,3,base.aniso.quad_w,4.0,0.074797,base_param
Rosie,3,base.aniso.quad_w,5.0,0.084578,base_param
Rosie,3,base.aniso.quad_w,6.0,0.091322,base_param
Rosie,3,base.aniso.quad_w,7.0,0.094827,base_param
Rosie,3,base.aniso.quad_w,8.0,0.095038,base_param
Rosie,3,base.aniso.quad_w,9.0,0.092045,base_param
Rosie,3,base.aniso.quad_w,10.0,0.086079,base_param
Rosie,3,base.aniso.quad_w,11.0,0.0775,base_param
Martini,8,w[I₁-3],,0.004047203366,cross_weight
Martini,8,w[I₂-3],,0.009980243567,cross_weight
Martini,8,w[<I₂-3>ln(1+<I₂-3>)],,0.185421361,cross_weight
Martini,8,w[<I₄θ-1>],,0.007541085434,cross_weight
Martini,8,w[<I₄z-1>],,0.2352571281,cross_weight
Martini,8,w[<I₄D1-1>],,0.01003661355,cross_weight
Martini,8,w[<I₄D2-1>],,0.01003661355,cross_weight
Martini,8,w[(<I₄θ-1>)³],,0.004323317652,cross_weight
Martini,8,w[<I₂-3>·<E_z>],,0.002890500384,cross_weight
Martini,8,w[I₈D1D2],,0.07535149339,cross_weight
Martini,8,base.iso._bth,,-7.939528873,base_param
Martini,8,base.iso._bz,,-0.04489298921,base_param
Martini,8,base.iso.bthz,,0.6262364436,base_param
Martini,8,base.aniso._α,,0.4960668412,base_param
Martini,8,base.aniso._k1,0.0,10.30027128,base_param
Martini,8,base.aniso._k1,1.0,10.30027128,base_param
Martini,8,base.aniso._k1,2.0,-5.661623744,base_param
Martini,8,base.aniso._k1,3.0,1.444052663,base_param
Martini,8,base.aniso._k2,0.0,-4.572780111,base_param
Martini,8,base.aniso._k2,1.0,-4.572780111,base_param
Martini,8,base.aniso._k2,2.0,5.538381144,base_param
Martini,8,base.aniso._k2,3.0,0.4274883277,base_param
Martini,8,base.aniso._lam0_raw,0.0,-2.0,base_param
Martini,8,base.aniso._lam0_raw,1.0,-2.0,base_param
Martini,8,base.aniso._lam0_raw,2.0,-2.0,base_param
Martini,8,base.aniso._lam0_raw,3.0,-2.0,base_param
Martini,8,base.aniso._lam0h_raw,0.0,-2.8,base_param
Martini,8,base.aniso._lam0h_raw,1.0,-2.8,base_param
Martini,8,base.aniso._kappa,0.0,-7.186922109,base_param
Martini,8,base.aniso._kappa,1.0,-7.186922109,base_param
Martini,8,base.aniso._tau_raw,0.0,9.246230812,base_param
Martini,8,base.aniso._tau_raw,1.0,9.246230812,base_param
Martini,8,base.aniso._tau_raw,2.0,1.154539993,base_param
Martini,8,base.aniso._tau_raw,3.0,-1.94227179,base_param
Martini,8,base.aniso._sigma_s_raw,0.0,-2.0,base_param
Martini,8,base.aniso._sigma_s_raw,1.0,-2.0,base_param
Martini,8,base.aniso._sigma_s_raw,2.0,-2.0,base_param
Martini,8,base.aniso._sigma_s_raw,3.0,-2.0,base_param
Martini,8,base.aniso._lambda_lb_raw,0.0,-0.5679139526,base_param
Martini,8,base.aniso._lambda_lb_raw,1.0,-0.5679139526,base_param
Martini,8,base.aniso._lambda_lb_raw,2.0,-0.398056924,base_param
Martini,8,base.aniso._lambda_lb_raw,3.0,-1.025782982,base_param
Martini,8,base.aniso._lambda_ub_raw,0.0,2.858841272,base_param
Martini,8,base.aniso._lambda_ub_raw,1.0,2.858841272,base_param
Martini,8,base.aniso._lambda_ub_raw,2.0,1.649102313,base_param
Martini,8,base.aniso._lambda_ub_raw,3.0,1.853777627,base_param
Martini,8,base.aniso._logn_mu_raw,0.0,-4.27566244,base_param
Martini,8,base.aniso._logn_mu_raw,1.0,-4.27566244,base_param
Martini,8,base.aniso._logn_mu_raw,2.0,-4.984526756,base_param
Martini,8,base.aniso._logn_mu_raw,3.0,-3.299147006,base_param
Martini,8,base.aniso._logn_sig_raw,0.0,-4.014634465,base_param
Martini,8,base.aniso._logn_sig_raw,1.0,-4.014634465,base_param
Martini,8,base.aniso._logn_sig_raw,2.0,-3.560744606,base_param
Martini,8,base.aniso._logn_sig_raw,3.0,-1.513649523,base_param
Martini,8,base.aniso._beta_a_raw,0.0,0.2,base_param
Martini,8,base.aniso._beta_a_raw,1.0,0.2,base_param
Martini,8,base.aniso._beta_a_raw,2.0,0.2,base_param
Martini,8,base.aniso._beta_a_raw,3.0,0.2,base_param
Martini,8,base.aniso._beta_b_raw,0.0,0.2,base_param
Martini,8,base.aniso._beta_b_raw,1.0,0.2,base_param
Martini,8,base.aniso._beta_b_raw,2.0,0.2,base_param
Martini,8,base.aniso._beta_b_raw,3.0,0.2,base_param
Martini,8,base.aniso._recruit_ref_stretch,,1.422986486,base_param
Martini,8,base.aniso.quad_x,0.0,0.005299,base_param
Martini,8,base.aniso.quad_x,1.0,0.027712,base_param
Martini,8,base.aniso.quad_x,2.0,0.067184,base_param
Martini,8,base.aniso.quad_x,3.0,0.122299,base_param
Martini,8,base.aniso.quad_x,4.0,0.191061,base_param
Martini,8,base.aniso.quad_x,5.0,0.270991,base_param
Martini,8,base.aniso.quad_x,6.0,0.359009,base_param
Martini,8,base.aniso.quad_x,7.0,0.451846,base_param
Martini,8,base.aniso.quad_x,8.0,0.546156,base_param
Martini,8,base.aniso.quad_x,9.0,0.638756,base_param
Martini,8,base.aniso.quad_x,10.0,0.726781,base_param
Martini,8,base.aniso.quad_x,11.0,0.807785,base_param
Martini,8,base.aniso.quad_w,0.0,0.013576,base_param
Martini,8,base.aniso.quad_w,1.0,0.031126,base_param
Martini,8,base.aniso.quad_w,2.0,0.047579,base_param
Martini,8,base.aniso.quad_w,3.0,0.062314,base_param
Martini,8,base.aniso.quad_w,4.0,0.074797,base_param
Martini,8,base.aniso.quad_w,5.0,0.084578,base_param
Martini,8,base.aniso.quad_w,6.0,0.091322,base_param
Martini,8,base.aniso.quad_w,7.0,0.094827,base_param
Martini,8,base.aniso.quad_w,8.0,0.095038,base_param
Martini,8,base.aniso.quad_w,9.0,0.092045,base_param
Martini,8,base.aniso.quad_w,10.0,0.086079,base_param
Martini,8,base.aniso.quad_w,11.0,0.0775,base_param
