param,kind,n,n_ages,best_model,r2_age,aic_age,coeffs,per_age_json
base.aniso._beta_a_raw[0.0],base_param,12,5,constant,0.0,-13.308562773526187,[-0.2465995708333333],"[{""age_weeks"":3,""mean"":-0.335919485,""std"":0.757904604,""count"":2},{""age_weeks"":8,""mean"":0.2,""std"":null,""count"":1},{""age_weeks"":10,""mean"":-0.5145593133,""std"":0.6188265179,""count"":3},{""age_weeks"":16,""mean"":-0.1572796567,""std"":0.6188265179,""count"":3},{""age_weeks"":28,""mean"":-0.1572796567,""std"":0.6188265179,""count"":3}]"
base.aniso._beta_a_raw[1.0],base_param,12,5,constant,0.0,-13.308562773526187,[-0.2465995708333333],"[{""age_weeks"":3,""mean"":-0.335919485,""std"":0.757904604,""count"":2},{""age_weeks"":8,""mean"":0.2,""std"":null,""count"":1},{""age_weeks"":10,""mean"":-0.5145593133,""std"":0.6188265179,""count"":3},{""age_weeks"":16,""mean"":-0.1572796567,""std"":0.6188265179,""count"":3},{""age_weeks"":28,""mean"":-0.1572796567,""std"":0.6188265179,""count"":3}]"
base.aniso._beta_a_raw[2.0],base_param,12,5,constant,0.0,-13.308562773526187,[-0.2465995708333333],"[{""age_weeks"":3,""mean"":-0.335919485,""std"":0.757904604,""count"":2},{""age_weeks"":8,""mean"":0.2,""std"":null,""count"":1},{""age_weeks"":10,""mean"":-0.5145593133,""std"":0.6188265179,""count"":3},{""age_weeks"":16,""mean"":-0.1572796567,""std"":0.6188265179,""count"":3},{""age_weeks"":28,""mean"":-0.1572796567,""std"":0.6188265179,""count"":3}]"
base.aniso._beta_a_raw[3.0],base_param,12,5,constant,0.0,-14.712680851804372,[-0.22122092500000004],"[{""age_weeks"":3,""mean"":-0.30546511,""std"":0.7148356139,""count"":2},{""age_weeks"":8,""mean"":0.2,""std"":null,""count"":1},{""age_weeks"":10,""mean"":-0.47395348,""std"":0.5836608346,""count"":3},{""age_weeks"":16,""mean"":-0.13697674,""std"":0.5836608346,""count"":3},{""age_weeks"":28,""mean"":-0.13697674,""std"":0.5836608346,""count"":3}]"
base.aniso._beta_b_raw[0.0],base_param,12,5,constant,0.0,-20.942240745436983,[-0.12492437500000002],"[{""age_weeks"":3,""mean"":-0.18990925,""std"":0.5514149494,""count"":2},{""age_weeks"":8,""mean"":0.2,""std"":null,""count"":1},{""age_weeks"":10,""mean"":-0.319879,""std"":0.4502284209,""count"":3},{""age_weeks"":16,""mean"":-0.0599395,""std"":0.4502284209,""count"":3},{""age_weeks"":28,""mean"":-0.0599395,""std"":0.4502284209,""count"":3}]"
base.aniso._beta_b_raw[1.0],base_param,12,5,constant,-2.220446049250313e-16,-24.584914425871546,[-0.07916817916666666],"[{""age_weeks"":3,""mean"":-0.135001815,""std"":0.4737641102,""count"":2},{""age_weeks"":8,""mean"":0.2,""std"":null,""count"":1},{""age_weeks"":10,""mean"":-0.2466690867,""std"":0.3868267761,""count"":3},{""age_weeks"":16,""mean"":-0.0233345433,""std"":0.3868267761,""count"":3},{""age_weeks"":28,""mean"":-0.0233345433,""std"":0.3868267761,""count"":3}]"
base.aniso._beta_b_raw[2.0],base_param,12,5,constant,-2.220446049250313e-16,-48.12081171967277,[0.09529446250000002],"[{""age_weeks"":3,""mean"":0.074353355,""std"":0.1776911894,""count"":2},{""age_weeks"":8,""mean"":0.2,""std"":null,""count"":1},{""age_weeks"":10,""mean"":0.03247114,""std"":0.1450842486,""count"":3},{""age_weeks"":16,""mean"":0.11623557,""std"":0.1450842486,""count"":3},{""age_weeks"":28,""mean"":0.11623557,""std"":0.1450842486,""count"":3}]"
base.aniso._beta_b_raw[3.0],base_param,12,5,constant,0.0,-6.8302404843210525,[-0.3849886666666667],"[{""age_weeks"":3,""mean"":-0.5019864,""std"":0.9927586875,""count"":2},{""age_weeks"":8,""mean"":0.2,""std"":null,""count"":1},{""age_weeks"":10,""mean"":-0.7359818667,""std"":0.810584074,""count"":3},{""age_weeks"":16,""mean"":-0.2679909333,""std"":0.810584074,""count"":3},{""age_weeks"":28,""mean"":-0.2679909333,""std"":0.810584074,""count"":3}]"
base.aniso._k1[0.0],base_param,12,5,constant,0.0,46.98195761418262,[3.1960861295583336],"[{""age_weeks"":3,""mean"":6.9427649825,""std"":4.1847746765,""count"":2},{""age_weeks"":8,""mean"":10.30027128,""std"":null,""count"":1},{""age_weeks"":10,""mean"":-1.6218318108,""std"":4.5116897638,""count"":3},{""age_weeks"":16,""mean"":0.9325452717,""std"":4.5871771677,""count"":3},{""age_weeks"":28,""mean"":5.411697309,""std"":10.7447582598,""count"":3}]"
base.aniso._k1[1.0],base_param,12,5,constant,0.0,46.98195761418262,[3.1960861295583336],"[{""age_weeks"":3,""mean"":6.9427649825,""std"":4.1847746765,""count"":2},{""age_weeks"":8,""mean"":10.30027128,""std"":null,""count"":1},{""age_weeks"":10,""mean"":-1.6218318108,""std"":4.5116897638,""count"":3},{""age_weeks"":16,""mean"":0.9325452717,""std"":4.5871771677,""count"":3},{""age_weeks"":28,""mean"":5.411697309,""std"":10.7447582598,""count"":3}]"
base.aniso._k1[2.0],base_param,12,5,constant,0.0,50.39576794889769,[-4.305303616741666],"[{""age_weeks"":3,""mean"":-10.45578725,""std"":0.4981277925,""count"":2},{""age_weeks"":8,""mean"":-5.661623744,""std"":null,""count"":1},{""age_weeks"":10,""mean"":-5.179528044,""std"":3.888288969,""count"":3},{""age_weeks"":16,""mean"":1.0611327693,""std"":9.0825739256,""count"":3},{""age_weeks"":28,""mean"":-4.2450864443,""std"":12.5594219353,""count"":3}]"
base.aniso._k1[3.0],base_param,12,5,constant,0.0,49.26586081057722,[3.865132656825],"[{""age_weeks"":3,""mean"":11.447103589,""std"":19.3310919011,""count"":2},{""age_weeks"":8,""mean"":1.444052663,""std"":null,""count"":1},{""age_weeks"":10,""mean"":-1.0951642853,""std"":1.5728600004,""count"":3},{""age_weeks"":16,""mean"":5.317627854,""std"":1.3958637589,""count"":3},{""age_weeks"":28,""mean"":3.1253137783,""std"":3.9459985455,""count"":3}]"
base.aniso._k2[0.0],base_param,12,5,constant,0.0,45.336102166793125,[3.8908879755925008],"[{""age_weeks"":3,""mean"":4.6385895785,""std"":8.8793191192,""count"":2},{""age_weeks"":8,""mean"":-4.572780111,""std"":null,""count"":1},{""age_weeks"":10,""mean"":9.4312576177,""std"":6.8579751949,""count"":3},{""age_weeks"":16,""mean"":3.8411397453,""std"":3.4515862926,""count"":3},{""age_weeks"":28,""mean"":0.723021524,""std"":5.1236206452,""count"":3}]"
base.aniso._k2[1.0],base_param,12,5,constant,0.0,45.336102166793125,[3.8908879755925008],"[{""age_weeks"":3,""mean"":4.6385895785,""std"":8.8793191192,""count"":2},{""age_weeks"":8,""mean"":-4.572780111,""std"":null,""count"":1},{""age_weeks"":10,""mean"":9.4312576177,""std"":6.8579751949,""count"":3},{""age_weeks"":16,""mean"":3.8411397453,""std"":3.4515862926,""count"":3},{""age_weeks"":28,""mean"":0.723021524,""std"":5.1236206452,""count"":3}]"
base.aniso._k2[2.0],base_param,12,5,constant,0.0,45.20522975175958,[6.506757904250001],"[{""age_weeks"":3,""mean"":9.407722272,""std"":2.1887285049,""count"":2},{""age_weeks"":8,""mean"":5.538381144,""std"":null,""count"":1},{""age_weeks"":10,""mean"":5.307508927,""std"":1.8543400089,""count"":3},{""age_weeks"":16,""mean"":6.5889254807,""std"":12.8834279107,""count"":3},{""age_weeks"":28,""mean"":6.0126553133,""std"":6.0374222978,""count"":3}]"
base.aniso._k2[3.0],base_param,12,5,quadratic,0.6222498562827159,45.47026111355393,"[0.0837588176714369, -3.1800471726453163, 24.242200734616944]","[{""age_weeks"":3,""mean"":15.635345002,""std"":14.9392552993,""count"":2},{""age_weeks"":8,""mean"":0.4274883277,""std"":null,""count"":1},{""age_weeks"":10,""mean"":2.3019849111,""std"":2.1825100936,""count"":3},{""age_weeks"":16,""mean"":-5.5971588569,""std"":5.5651209657,""count"":3},{""age_weeks"":28,""mean"":0.909609807,""std"":1.7453593596,""count"":3}]"
base.aniso._kappa[0.0],base_param,12,5,linear,0.3328560271537312,19.416012717019747,"[0.15329214271384498, -4.373935469881394]","[{""age_weeks"":3,""mean"":-2.8182097025,""std"":2.1508865181,""count"":2},{""age_weeks"":8,""mean"":-7.186922109,""std"":null,""count"":1},{""age_weeks"":10,""mean"":-3.247992747,""std"":1.2126809863,""count"":3},{""age_weeks"":16,""mean"":-0.5887373341,""std"":0.9307145126,""count"":3},{""age_weeks"":28,""mean"":-0.3914255879,""std"":2.1485220111,""count"":3}]"
base.aniso._kappa[1.0],base_param,12,5,linear,0.3328560271537312,19.416012717019747,"[0.15329214271384498, -4.373935469881394]","[{""age_weeks"":3,""mean"":-2.8182097025,""std"":2.1508865181,""count"":2},{""age_weeks"":8,""mean"":-7.186922109,""std"":null,""count"":1},{""age_weeks"":10,""mean"":-3.247992747,""std"":1.2126809863,""count"":3},{""age_weeks"":16,""mean"":-0.5887373341,""std"":0.9307145126,""count"":3},{""age_weeks"":28,""mean"":-0.3914255879,""std"":2.1485220111,""count"":3}]"
base.aniso._lam0_raw[0.0],base_param,12,5,constant,,-824.7706548957062,[-2.0000000000000004],"[{""age_weeks"":3,""mean"":-2.0,""std"":0.0,""count"":2},{""age_weeks"":8,""mean"":-2.0,""std"":null,""count"":1},{""age_weeks"":10,""mean"":-2.0,""std"":0.0,""count"":3},{""age_weeks"":16,""mean"":-2.0,""std"":0.0,""count"":3},{""age_weeks"":28,""mean"":-2.0,""std"":0.0,""count"":3}]"
base.aniso._lam0_raw[1.0],base_param,12,5,constant,,-824.7706548957062,[-2.0000000000000004],"[{""age_weeks"":3,""mean"":-2.0,""std"":0.0,""count"":2},{""age_weeks"":8,""mean"":-2.0,""std"":null,""count"":1},{""age_weeks"":10,""mean"":-2.0,""std"":0.0,""count"":3},{""age_weeks"":16,""mean"":-2.0,""std"":0.0,""count"":3},{""age_weeks"":28,""mean"":-2.0,""std"":0.0,""count"":3}]"
base.aniso._lam0_raw[2.0],base_param,12,5,constant,,-824.7706548957062,[-2.0000000000000004],"[{""age_weeks"":3,""mean"":-2.0,""std"":0.0,""count"":2},{""age_weeks"":8,""mean"":-2.0,""std"":null,""count"":1},{""age_weeks"":10,""mean"":-2.0,""std"":0.0,""count"":3},{""age_weeks"":16,""mean"":-2.0,""std"":0.0,""count"":3},{""age_weeks"":28,""mean"":-2.0,""std"":0.0,""count"":3}]"
base.aniso._lam0_raw[3.0],base_param,12,5,constant,,-824.7706548957062,[-2.0000000000000004],"[{""age_weeks"":3,""mean"":-2.0,""std"":0.0,""count"":2},{""age_weeks"":8,""mean"":-2.0,""std"":null,""count"":1},{""age_weeks"":10,""mean"":-2.0,""std"":0.0,""count"":3},{""age_weeks"":16,""mean"":-2.0,""std"":0.0,""count"":3},{""age_weeks"":28,""mean"":-2.0,""std"":0.0,""count"":3}]"
base.aniso._lam0h_raw[0.0],base_param,12,5,constant,0.0,-824.7706548957062,[-2.8000000000000003],"[{""age_weeks"":3,""mean"":-2.8,""std"":0.0,""count"":2},{""age_weeks"":8,""mean"":-2.8,""std"":null,""count"":1},{""age_weeks"":10,""mean"":-2.8,""std"":0.0,""count"":3},{""age_weeks"":16,""mean"":-2.8,""std"":0.0,""count"":3},{""age_weeks"":28,""mean"":-2.8,""std"":0.0,""count"":3}]"
base.aniso._lam0h_raw[1.0],base_param,12,5,constant,0.0,-824.7706548957062,[-2.8000000000000003],"[{""age_weeks"":3,""mean"":-2.8,""std"":0.0,""count"":2},{""age_weeks"":8,""mean"":-2.8,""std"":null,""count"":1},{""age_weeks"":10,""mean"":-2.8,""std"":0.0,""count"":3},{""age_weeks"":16,""mean"":-2.8,""std"":0.0,""count"":3},{""age_weeks"":28,""mean"":-2.8,""std"":0.0,""count"":3}]"
base.aniso._lambda_lb_raw[0.0],base_param,12,5,linear,0.23586862385842344,-29.608381613071593,"[-0.0156360315660391, -0.6055606243314263]","[{""age_weeks"":3,""mean"":-0.8301530149,""std"":0.0160344419,""count"":2},{""age_weeks"":8,""mean"":-0.5679139526,""std"":null,""count"":1},{""age_weeks"":10,""mean"":-0.4670206251,""std"":0.0766039218,""count"":3},{""age_weeks"":16,""mean"":-1.1417121487,""std"":0.1059470151,""count"":3},{""age_weeks"":28,""mean"":-0.9880835813,""std"":0.2118122769,""count"":3}]"
base.aniso._lambda_lb_raw[1.0],base_param,12,5,linear,0.23586862385842344,-29.608381613071593,"[-0.0156360315660391, -0.6055606243314263]","[{""age_weeks"":3,""mean"":-0.8301530149,""std"":0.0160344419,""count"":2},{""age_weeks"":8,""mean"":-0.5679139526,""std"":null,""count"":1},{""age_weeks"":10,""mean"":-0.4670206251,""std"":0.0766039218,""count"":3},{""age_weeks"":16,""mean"":-1.1417121487,""std"":0.1059470151,""count"":3},{""age_weeks"":28,""mean"":-0.9880835813,""std"":0.2118122769,""count"":3}]"
base.aniso._lambda_lb_raw[2.0],base_param,12,5,constant,4.440892098500626e-16,-21.760155707327925,[-0.6821220570433334],"[{""age_weeks"":3,""mean"":-0.5451285808,""std"":0.4102994047,""count"":2},{""age_weeks"":8,""mean"":-0.398056924,""std"":null,""count"":1},{""age_weeks"":10,""mean"":-0.6777869675,""std"":0.2546466888,""count"":3},{""age_weeks"":16,""mean"":-0.9077512095,""std"":0.4051989477,""count"":3},{""age_weeks"":28,""mean"":-0.6468453559,""std"":0.6146782969,""count"":3}]"
base.aniso._lambda_lb_raw[3.0],base_param,12,5,quadratic,0.3775046217440168,-29.260346775408003,"[0.0020174506498706222, -0.08015260424984477, -0.3456751611203539]","[{""age_weeks"":3,""mean"":-0.495753435,""std"":0.7490344967,""count"":2},{""age_weeks"":8,""mean"":-1.025782982,""std"":null,""count"":1},{""age_weeks"":10,""mean"":-1.0073820688,""std"":0.0253444772,""count"":3},{""age_weeks"":16,""mean"":-1.0257341113,""std"":0.0004280426,""count"":3},{""age_weeks"":28,""mean"":-1.0244032377,""std"":0.001308991,""count"":3}]"
base.aniso._lambda_ub_raw[0.0],base_param,12,5,constant,0.0,14.676255604262412,[0.5798031325166666],"[{""age_weeks"":3,""mean"":-1.1900672025,""std"":3.3359224692,""count"":2},{""age_weeks"":8,""mean"":2.858841272,""std"":null,""count"":1},{""age_weeks"":10,""mean"":-0.3419454338,""std"":0.6546802048,""count"":3},{""age_weeks"":16,""mean"":1.4548797237,""std"":0.1647208094,""count"":3},{""age_weeks"":28,""mean"":1.0467092845,""std"":1.6600486335,""count"":3}]"
base.aniso._lambda_ub_raw[1.0],base_param,12,5,constant,0.0,14.676255604262412,[0.5798031325166666],"[{""age_weeks"":3,""mean"":-1.1900672025,""std"":3.3359224692,""count"":2},{""age_weeks"":8,""mean"":2.858841272,""std"":null,""count"":1},{""age_weeks"":10,""mean"":-0.3419454338,""std"":0.6546802048,""count"":3},{""age_weeks"":16,""mean"":1.4548797237,""std"":0.1647208094,""count"":3},{""age_weeks"":28,""mean"":1.0467092845,""std"":1.6600486335,""count"":3}]"
base.aniso._lambda_ub_raw[2.0],base_param,12,5,constant,0.0,4.448257998172645,[1.7838028270750002],"[{""age_weeks"":3,""mean"":2.1993173475,""std"":0.9545332324,""count"":2},{""age_weeks"":8,""mean"":1.649102313,""std"":null,""count"":1},{""age_weeks"":10,""mean"":1.1126941205,""std"":0.7755311117,""count"":3},{""age_weeks"":16,""mean"":2.416673844,""std"":1.3687227431,""count"":3},{""age_weeks"":28,""mean"":1.5899310078,""std"":1.7067680073,""count"":3}]"
base.aniso._lambda_ub_raw[3.0],base_param,12,5,constant,-2.220446049250313e-16,20.011647253478937,[1.409377476641667],"[{""age_weeks"":3,""mean"":1.210790438,""std"":2.1703517854,""count"":2},{""age_weeks"":8,""mean"":1.853777627,""std"":null,""count"":1},{""age_weeks"":10,""mean"":2.6490380588,""std"":3.865432671,""count"":3},{""age_weeks"":16,""mean"":1.1203711437,""std"":0.4613266871,""count"":3},{""age_weeks"":28,""mean"":0.442981203,""std"":2.3317700508,""count"":3}]"
base.aniso._logn_mu_raw[0.0],base_param,12,5,quadratic,0.6571938115906112,-3.7793580900680848,"[0.00976824823194655, -0.39694056729575616, -0.1949885852853163]","[{""age_weeks"":3,""mean"":-1.1212968686,""std"":0.5443087786,""count"":2},{""age_weeks"":8,""mean"":-4.27566244,""std"":null,""count"":1},{""age_weeks"":10,""mean"":-2.7861457233,""std"":0.9335810563,""count"":3},{""age_weeks"":16,""mean"":-4.0426021033,""std"":0.4302750782,""count"":3},{""age_weeks"":28,""mean"":-3.662832634,""std"":0.0841237165,""count"":3}]"
base.aniso._logn_mu_raw[1.0],base_param,12,5,quadratic,0.6571938115906112,-3.7793580900680848,"[0.00976824823194655, -0.39694056729575616, -0.1949885852853163]","[{""age_weeks"":3,""mean"":-1.1212968686,""std"":0.5443087786,""count"":2},{""age_weeks"":8,""mean"":-4.27566244,""std"":null,""count"":1},{""age_weeks"":10,""mean"":-2.7861457233,""std"":0.9335810563,""count"":3},{""age_weeks"":16,""mean"":-4.0426021033,""std"":0.4302750782,""count"":3},{""age_weeks"":28,""mean"":-3.662832634,""std"":0.0841237165,""count"":3}]"
base.aniso._logn_mu_raw[2.0],base_param,12,5,constant,0.0,6.309774388232238,[-3.660684786916667],"[{""age_weeks"":3,""mean"":-3.516875073,""std"":0.2432053342,""count"":2},{""age_weeks"":8,""mean"":-4.984526756,""std"":null,""count"":1},{""age_weeks"":10,""mean"":-3.540906259,""std"":1.8953967774,""count"":3},{""age_weeks"":16,""mean"":-3.8302116753,""std"":1.2516075333,""count"":3},{""age_weeks"":28,""mean"":-3.2655289127,""std"":1.4860063398,""count"":3}]"
base.aniso._logn_mu_raw[3.0],base_param,12,5,quadratic,0.3898386465952367,-2.0760070132914716,"[0.00859803582563058, -0.2890518855956046, -1.4276540398776607]","[{""age_weeks"":3,""mean"":-2.23313647,""std"":1.6599196433,""count"":2},{""age_weeks"":8,""mean"":-3.299147006,""std"":null,""count"":1},{""age_weeks"":10,""mean"":-3.3728530783,""std"":1.0373744514,""count"":3},{""age_weeks"":16,""mean"":-3.897091994,""std"":0.380438906,""count"":3},{""age_weeks"":28,""mean"":-2.773134573,""std"":0.664907548,""count"":3}]"
base.aniso._logn_sig_raw[0.0],base_param,12,5,constant,1.1102230246251565e-16,20.331038370666995,[-4.715130730000001],"[{""age_weeks"":3,""mean"":-5.4794977825,""std"":2.1905597778,""count"":2},{""age_weeks"":8,""mean"":-4.014634465,""std"":null,""count"":1},{""age_weeks"":10,""mean"":-5.1552074043,""std"":2.2494071225,""count"":3},{""age_weeks"":16,""mean"":-3.482953746,""std"":1.3653731937,""count"":3},{""age_weeks"":28,""mean"":-5.2311517597,""std"":3.8107744256,""count"":3}]"
base.aniso._logn_sig_raw[1.0],base_param,12,5,constant,1.1102230246251565e-16,20.331038370666995,[-4.715130730000001],"[{""age_weeks"":3,""mean"":-5.4794977825,""std"":2.1905597778,""count"":2},{""age_weeks"":8,""mean"":-4.014634465,""std"":null,""count"":1},{""age_weeks"":10,""mean"":-5.1552074043,""std"":2.2494071225,""count"":3},{""age_weeks"":16,""mean"":-3.482953746,""std"":1.3653731937,""count"":3},{""age_weeks"":28,""mean"":-5.2311517597,""std"":3.8107744256,""count"":3}]"
base.aniso._logn_sig_raw[2.0],base_param,12,5,constant,-2.220446049250313e-16,20.48931248643824,[-3.7959874104416675],"[{""age_weeks"":3,""mean"":-3.60603802,""std"":1.824709463,""count"":2},{""age_weeks"":8,""mean"":-3.560744606,""std"":null,""count"":1},{""age_weeks"":10,""mean"":-1.5532137488,""std"":0.7818529469,""count"":3},{""age_weeks"":16,""mean"":-5.42481501,""std"":2.5368084319,""count"":3},{""age_weeks"":28,""mean"":-4.6149806677,""std"":2.5890637878,""count"":3}]"
base.aniso._logn_sig_raw[3.0],base_param,12,5,constant,-2.220446049250313e-16,19.870120331753412,[-3.18748712075],"[{""age_weeks"":3,""mean"":-5.8502316375,""std"":4.0568521825,""count"":2},{""age_weeks"":8,""mean"":-1.513649523,""std"":null,""count"":1},{""age_weeks"":10,""mean"":-2.372952298,""std"":1.9486628151,""count"":3},{""age_weeks"":16,""mean"":-3.5178557377,""std"":0.948744831,""count"":3},{""age_weeks"":28,""mean"":-2.4544361813,""std"":1.7939341259,""count"":3}]"
base.aniso._recruit_ref_stretch,base_param,12,5,constant,2.220446049250313e-16,-51.6961595846196,[1.3974676343333334],"[{""age_weeks"":3,""mean"":1.294146146,""std"":0.1946872363,""count"":2},{""age_weeks"":8,""mean"":1.422986486,""std"":null,""count"":1},{""age_weeks"":10,""mean"":1.4258489323,""std"":0.157757075,""count"":3},{""age_weeks"":16,""mean"":1.398878629,""std"":0.0176687573,""count"":3},{""age_weeks"":28,""mean"":1.42805005,""std"":0.1029420838,""count"":3}]"
base.aniso._sigma_s_raw[0.0],base_param,12,5,constant,,-824.7706548957062,[-2.0000000000000004],"[{""age_weeks"":3,""mean"":-2.0,""std"":0.0,""count"":2},{""age_weeks"":8,""mean"":-2.0,""std"":null,""count"":1},{""age_weeks"":10,""mean"":-2.0,""std"":0.0,""count"":3},{""age_weeks"":16,""mean"":-2.0,""std"":0.0,""count"":3},{""age_weeks"":28,""mean"":-2.0,""std"":0.0,""count"":3}]"
base.aniso._sigma_s_raw[1.0],base_param,12,5,constant,,-824.7706548957062,[-2.0000000000000004],"[{""age_weeks"":3,""mean"":-2.0,""std"":0.0,""count"":2},{""age_weeks"":8,""mean"":-2.0,""std"":null,""count"":1},{""age_weeks"":10,""mean"":-2.0,""std"":0.0,""count"":3},{""age_weeks"":16,""mean"":-2.0,""std"":0.0,""count"":3},{""age_weeks"":28,""mean"":-2.0,""std"":0.0,""count"":3}]"
base.aniso._sigma_s_raw[2.0],base_param,12,5,constant,,-824.7706548957062,[-2.0000000000000004],"[{""age_weeks"":3,""mean"":-2.0,""std"":0.0,""count"":2},{""age_weeks"":8,""mean"":-2.0,""std"":null,""count"":1},{""age_weeks"":10,""mean"":-2.0,""std"":0.0,""count"":3},{""age_weeks"":16,""mean"":-2.0,""std"":0.0,""count"":3},{""age_weeks"":28,""mean"":-2.0,""std"":0.0,""count"":3}]"
base.aniso._sigma_s_raw[3.0],base_param,12,5,constant,,-824.7706548957062,[-2.0000000000000004],"[{""age_weeks"":3,""mean"":-2.0,""std"":0.0,""count"":2},{""age_weeks"":8,""mean"":-2.0,""std"":null,""count"":1},{""age_weeks"":10,""mean"":-2.0,""std"":0.0,""count"":3},{""age_weeks"":16,""mean"":-2.0,""std"":0.0,""count"":3},{""age_weeks"":28,""mean"":-2.0,""std"":0.0,""count"":3}]"
base.aniso._tau_raw[0.0],base_param,12,5,constant,0.0,40.70457701763726,[0.14789979367500014],"[{""age_weeks"":3,""mean"":-0.4450231692,""std"":1.3015836833,""count"":2},{""age_weeks"":8,""mean"":9.246230812,""std"":null,""count"":1},{""age_weeks"":10,""mean"":0.1974588159,""std"":2.5830770576,""count"":3},{""age_weeks"":16,""mean"":-3.288638285,""std"":3.5820598097,""count"":3},{""age_weeks"":28,""mean"":0.8973838193,""std"":8.3860708697,""count"":3}]"
base.aniso._tau_raw[1.0],base_param,12,5,constant,0.0,40.70457701763726,[0.14789979367500014],"[{""age_weeks"":3,""mean"":-0.4450231692,""std"":1.3015836833,""count"":2},{""age_weeks"":8,""mean"":9.246230812,""std"":null,""count"":1},{""age_weeks"":10,""mean"":0.1974588159,""std"":2.5830770576,""count"":3},{""age_weeks"":16,""mean"":-3.288638285,""std"":3.5820598097,""count"":3},{""age_weeks"":28,""mean"":0.8973838193,""std"":8.3860708697,""count"":3}]"
base.aniso._tau_raw[2.0],base_param,12,5,constant,0.0,14.812835169360156,[-0.2090568381333333],"[{""age_weeks"":3,""mean"":-0.7836464446,""std"":0.3726241502,""count"":2},{""age_weeks"":8,""mean"":1.154539993,""std"":null,""count"":1},{""age_weeks"":10,""mean"":1.1573904429,""std"":1.6486018695,""count"":3},{""age_weeks"":16,""mean"":-1.3427126476,""std"":2.0909422789,""count"":3},{""age_weeks"":28,""mean"":-0.5133208491,""std"":2.0411087715,""count"":3}]"
base.aniso._tau_raw[3.0],base_param,12,5,constant,1.1102230246251565e-16,20.399509223744538,[-1.5423474525333334],"[{""age_weeks"":3,""mean"":-3.4431039045,""std"":5.4854621334,""count"":2},{""age_weeks"":8,""mean"":-1.94227179,""std"":null,""count"":1},{""age_weeks"":10,""mean"":-0.3895189049,""std"":1.922978611,""count"":3},{""age_weeks"":16,""mean"":-1.7998687403,""std"":0.5653985001,""count"":3},{""age_weeks"":28,""mean"":-1.0371756319,""std"":1.6028515129,""count"":3}]"
base.aniso._α,base_param,12,5,constant,0.0,22.63623589069086,[-0.7011625686406668],"[{""age_weeks"":3,""mean"":-0.1145971406,""std"":0.3972128329,""count"":2},{""age_weeks"":8,""mean"":0.4960668412,""std"":null,""count"":1},{""age_weeks"":10,""mean"":-0.1637959997,""std"":2.3603154088,""count"":3},{""age_weeks"":16,""mean"":-2.9234686867,""std"":4.191969948,""count"":3},{""age_weeks"":28,""mean"":0.1936568918,""std"":0.413727272,""count"":3}]"
base.aniso.quad_w[0.0],base_param,12,5,constant,,-826.9304890339799,[0.013576000000000003],"[{""age_weeks"":3,""mean"":0.013576,""std"":0.0,""count"":2},{""age_weeks"":8,""mean"":0.013576,""std"":null,""count"":1},{""age_weeks"":10,""mean"":0.013576,""std"":0.0,""count"":3},{""age_weeks"":16,""mean"":0.013576,""std"":0.0,""count"":3},{""age_weeks"":28,""mean"":0.013576,""std"":0.0,""count"":3}]"
base.aniso.quad_w[1.0],base_param,12,5,constant,0.0,-826.9304890339799,[0.031126000000000004],"[{""age_weeks"":3,""mean"":0.031126,""std"":0.0,""count"":2},{""age_weeks"":8,""mean"":0.031126,""std"":null,""count"":1},{""age_weeks"":10,""mean"":0.031126,""std"":0.0,""count"":3},{""age_weeks"":16,""mean"":0.031126,""std"":0.0,""count"":3},{""age_weeks"":28,""mean"":0.031126,""std"":0.0,""count"":3}]"
base.aniso.quad_w[10.0],base_param,12,5,constant,,-826.9306334778564,[0.086079],"[{""age_weeks"":3,""mean"":0.086079,""std"":0.0,""count"":2},{""age_weeks"":8,""mean"":0.086079,""std"":null,""count"":1},{""age_weeks"":10,""mean"":0.086079,""std"":0.0,""count"":3},{""age_weeks"":16,""mean"":0.086079,""std"":0.0,""count"":3},{""age_weeks"":28,""mean"":0.086079,""std"":0.0,""count"":3}]"
base.aniso.quad_w[11.0],base_param,12,5,constant,,-826.928322584447,[0.07750000000000001],"[{""age_weeks"":3,""mean"":0.0775,""std"":0.0,""count"":2},{""age_weeks"":8,""mean"":0.0775,""std"":null,""count"":1},{""age_weeks"":10,""mean"":0.0775,""std"":0.0,""count"":3},{""age_weeks"":16,""mean"":0.0775,""std"":0.0,""count"":3},{""age_weeks"":28,""mean"":0.0775,""std"":0.0,""count"":3}]"
base.aniso.quad_w[2.0],base_param,12,5,constant,,-826.9306334778564,[0.047579],"[{""age_weeks"":3,""mean"":0.047579,""std"":0.0,""count"":2},{""age_weeks"":8,""mean"":0.047579,""std"":null,""count"":1},{""age_weeks"":10,""mean"":0.047579,""std"":0.0,""count"":3},{""age_weeks"":16,""mean"":0.047579,""std"":0.0,""count"":3},{""age_weeks"":28,""mean"":0.047579,""std"":0.0,""count"":3}]"
base.aniso.quad_w[3.0],base_param,12,5,constant,,-826.9306334778564,[0.062314],"[{""age_weeks"":3,""mean"":0.062314,""std"":0.0,""count"":2},{""age_weeks"":8,""mean"":0.062314,""std"":null,""count"":1},{""age_weeks"":10,""mean"":0.062314,""std"":0.0,""count"":3},{""age_weeks"":16,""mean"":0.062314,""std"":0.0,""count"":3},{""age_weeks"":28,""mean"":0.062314,""std"":0.0,""count"":3}]"
base.aniso.quad_w[4.0],base_param,12,5,constant,,-826.9306334778564,[0.074797],"[{""age_weeks"":3,""mean"":0.074797,""std"":0.0,""count"":2},{""age_weeks"":8,""mean"":0.074797,""std"":null,""count"":1},{""age_weeks"":10,""mean"":0.074797,""std"":0.0,""count"":3},{""age_weeks"":16,""mean"":0.074797,""std"":0.0,""count"":3},{""age_weeks"":28,""mean"":0.074797,""std"":0.0,""count"":3}]"
base.aniso.quad_w[5.0],base_param,12,5,constant,,-826.928322584447,[0.08457800000000001],"[{""age_weeks"":3,""mean"":0.084578,""std"":0.0,""count"":2},{""age_weeks"":8,""mean"":0.084578,""std"":null,""count"":1},{""age_weeks"":10,""mean"":0.084578,""std"":0.0,""count"":3},{""age_weeks"":16,""mean"":0.084578,""std"":0.0,""count"":3},{""age_weeks"":28,""mean"":0.084578,""std"":0.0,""count"":3}]"
base.aniso.quad_w[6.0],base_param,12,5,constant,,-826.928322584447,[0.09132200000000001],"[{""age_weeks"":3,""mean"":0.091322,""std"":0.0,""count"":2},{""age_weeks"":8,""mean"":0.091322,""std"":null,""count"":1},{""age_weeks"":10,""mean"":0.091322,""std"":0.0,""count"":3},{""age_weeks"":16,""mean"":0.091322,""std"":0.0,""count"":3},{""age_weeks"":28,""mean"":0.091322,""std"":0.0,""count"":3}]"
base.aniso.quad_w[7.0],base_param,12,5,constant,,-826.9306334778564,[0.094827],"[{""age_weeks"":3,""mean"":0.094827,""std"":0.0,""count"":2},{""age_weeks"":8,""mean"":0.094827,""std"":null,""count"":1},{""age_weeks"":10,""mean"":0.094827,""std"":0.0,""count"":3},{""age_weeks"":16,""mean"":0.094827,""std"":0.0,""count"":3},{""age_weeks"":28,""mean"":0.094827,""std"":0.0,""count"":3}]"
base.aniso.quad_w[8.0],base_param,12,5,constant,,-826.928322584447,[0.09503800000000001],"[{""age_weeks"":3,""mean"":0.095038,""std"":0.0,""count"":2},{""age_weeks"":8,""mean"":0.095038,""std"":null,""count"":1},{""age_weeks"":10,""mean"":0.095038,""std"":0.0,""count"":3},{""age_weeks"":16,""mean"":0.095038,""std"":0.0,""count"":3},{""age_weeks"":28,""mean"":0.095038,""std"":0.0,""count"":3}]"
base.aniso.quad_w[9.0],base_param,12,5,constant,,-826.9213925731335,[0.09204500000000003],"[{""age_weeks"":3,""mean"":0.092045,""std"":0.0,""count"":2},{""age_weeks"":8,""mean"":0.092045,""std"":null,""count"":1},{""age_weeks"":10,""mean"":0.092045,""std"":0.0,""count"":3},{""age_weeks"":16,""mean"":0.092045,""std"":0.0,""count"":3},{""age_weeks"":28,""mean"":0.092045,""std"":0.0,""count"":3}]"
base.aniso.quad_x[0.0],base_param,12,5,constant,0.0,-826.9306244500633,[0.005299000000000001],"[{""age_weeks"":3,""mean"":0.005299,""std"":0.0,""count"":2},{""age_weeks"":8,""mean"":0.005299,""std"":null,""count"":1},{""age_weeks"":10,""mean"":0.005299,""std"":0.0,""count"":3},{""age_weeks"":16,""mean"":0.005299,""std"":0.0,""count"":3},{""age_weeks"":28,""mean"":0.005299,""std"":0.0,""count"":3}]"
base.aniso.quad_x[1.0],base_param,12,5,constant,-8.0,-826.9293335455558,[0.02771200000000001],"[{""age_weeks"":3,""mean"":0.027712,""std"":0.0,""count"":2},{""age_weeks"":8,""mean"":0.027712,""std"":null,""count"":1},{""age_weeks"":10,""mean"":0.027712,""std"":0.0,""count"":3},{""age_weeks"":16,""mean"":0.027712,""std"":0.0,""count"":3},{""age_weeks"":28,""mean"":0.027712,""std"":0.0,""count"":3}]"
base.aniso.quad_x[10.0],base_param,12,5,constant,,-826.7836262105203,[0.7267810000000001],"[{""age_weeks"":3,""mean"":0.726781,""std"":0.0,""count"":2},{""age_weeks"":8,""mean"":0.726781,""std"":null,""count"":1},{""age_weeks"":10,""mean"":0.726781,""std"":0.0,""count"":3},{""age_weeks"":16,""mean"":0.726781,""std"":0.0,""count"":3},{""age_weeks"":28,""mean"":0.726781,""std"":0.0,""count"":3}]"
base.aniso.quad_x[11.0],base_param,12,5,constant,,-826.7836262105203,[0.8077850000000001],"[{""age_weeks"":3,""mean"":0.807785,""std"":0.0,""count"":2},{""age_weeks"":8,""mean"":0.807785,""std"":null,""count"":1},{""age_weeks"":10,""mean"":0.807785,""std"":0.0,""count"":3},{""age_weeks"":16,""mean"":0.807785,""std"":0.0,""count"":3},{""age_weeks"":28,""mean"":0.807785,""std"":0.0,""count"":3}]"
base.aniso.quad_x[2.0],base_param,12,5,constant,1.0,-826.9306334778564,[0.067184],"[{""age_weeks"":3,""mean"":0.067184,""std"":0.0,""count"":2},{""age_weeks"":8,""mean"":0.067184,""std"":null,""count"":1},{""age_weeks"":10,""mean"":0.067184,""std"":0.0,""count"":3},{""age_weeks"":16,""mean"":0.067184,""std"":0.0,""count"":3},{""age_weeks"":28,""mean"":0.067184,""std"":0.0,""count"":3}]"
base.aniso.quad_x[3.0],base_param,12,5,constant,1.0,-826.9306334778564,[0.122299],"[{""age_weeks"":3,""mean"":0.122299,""std"":0.0,""count"":2},{""age_weeks"":8,""mean"":0.122299,""std"":null,""count"":1},{""age_weeks"":10,""mean"":0.122299,""std"":0.0,""count"":3},{""age_weeks"":16,""mean"":0.122299,""std"":0.0,""count"":3},{""age_weeks"":28,""mean"":0.122299,""std"":0.0,""count"":3}]"
base.aniso.quad_x[4.0],base_param,12,5,constant,,-826.8937124795586,[0.19106100000000006],"[{""age_weeks"":3,""mean"":0.191061,""std"":0.0,""count"":2},{""age_weeks"":8,""mean"":0.191061,""std"":null,""count"":1},{""age_weeks"":10,""mean"":0.191061,""std"":0.0,""count"":3},{""age_weeks"":16,""mean"":0.191061,""std"":0.0,""count"":3},{""age_weeks"":28,""mean"":0.191061,""std"":0.0,""count"":3}]"
base.aniso.quad_x[5.0],base_param,12,5,constant,,-826.9306334778564,[0.270991],"[{""age_weeks"":3,""mean"":0.270991,""std"":0.0,""count"":2},{""age_weeks"":8,""mean"":0.270991,""std"":null,""count"":1},{""age_weeks"":10,""mean"":0.270991,""std"":0.0,""count"":3},{""age_weeks"":16,""mean"":0.270991,""std"":0.0,""count"":3},{""age_weeks"":28,""mean"":0.270991,""std"":0.0,""count"":3}]"
base.aniso.quad_x[6.0],base_param,12,5,constant,0.0,-826.8937124795586,[0.3590090000000001],"[{""age_weeks"":3,""mean"":0.359009,""std"":0.0,""count"":2},{""age_weeks"":8,""mean"":0.359009,""std"":null,""count"":1},{""age_weeks"":10,""mean"":0.359009,""std"":0.0,""count"":3},{""age_weeks"":16,""mean"":0.359009,""std"":0.0,""count"":3},{""age_weeks"":28,""mean"":0.359009,""std"":0.0,""count"":3}]"
base.aniso.quad_x[7.0],base_param,12,5,constant,-3.0,-826.7836262105203,[0.45184600000000014],"[{""age_weeks"":3,""mean"":0.451846,""std"":0.0,""count"":2},{""age_weeks"":8,""mean"":0.451846,""std"":null,""count"":1},{""age_weeks"":10,""mean"":0.451846,""std"":0.0,""count"":3},{""age_weeks"":16,""mean"":0.451846,""std"":0.0,""count"":3},{""age_weeks"":28,""mean"":0.451846,""std"":0.0,""count"":3}]"
base.aniso.quad_x[8.0],base_param,12,5,constant,,-826.7836262105203,[0.5461560000000001],"[{""age_weeks"":3,""mean"":0.546156,""std"":0.0,""count"":2},{""age_weeks"":8,""mean"":0.546156,""std"":null,""count"":1},{""age_weeks"":10,""mean"":0.546156,""std"":0.0,""count"":3},{""age_weeks"":16,""mean"":0.546156,""std"":0.0,""count"":3},{""age_weeks"":28,""mean"":0.546156,""std"":0.0,""count"":3}]"
base.aniso.quad_x[9.0],base_param,12,5,constant,,-826.7836262105203,[0.6387560000000001],"[{""age_weeks"":3,""mean"":0.638756,""std"":0.0,""count"":2},{""age_weeks"":8,""mean"":0.638756,""std"":null,""count"":1},{""age_weeks"":10,""mean"":0.638756,""std"":0.0,""count"":3},{""age_weeks"":16,""mean"":0.638756,""std"":0.0,""count"":3},{""age_weeks"":28,""mean"":0.638756,""std"":0.0,""count"":3}]"
base.iso._bth,base_param,12,5,constant,-2.220446049250313e-16,21.17334284436617,[-6.298271947250002],"[{""age_weeks"":3,""mean"":-6.746944344,""std"":1.5128346262,""count"":2},{""age_weeks"":8,""mean"":-7.939528873,""std"":null,""count"":1},{""age_weeks"":10,""mean"":-4.204745647,""std"":1.5429310121,""count"":3},{""age_weeks"":16,""mean"":-8.3394524263,""std"":0.6045918708,""count"":3},{""age_weeks"":28,""mean"":-5.5044171953,""std"":3.2317745749,""count"":3}]"
base.iso._bz,base_param,12,5,quadratic,0.5708320037784762,22.915069078209285,"[0.02274247846338109, -0.9533071979614204, 6.36690554267411]","[{""age_weeks"":3,""mean"":2.720703916,""std"":0.8424291944,""count"":2},{""age_weeks"":8,""mean"":-0.0448929892,""std"":null,""count"":1},{""age_weeks"":10,""mean"":1.2150661363,""std"":1.0956359596,""count"":3},{""age_weeks"":16,""mean"":-4.7142647743,""std"":2.8342344737,""count"":3},{""age_weeks"":28,""mean"":-2.211319893,""std"":1.7609090986,""count"":3}]"
base.iso.bthz,base_param,12,5,constant,0.0,34.66762459136173,[1.4389348798166666],"[{""age_weeks"":3,""mean"":-0.7972649381,""std"":0.1729351532,""count"":2},{""age_weeks"":8,""mean"":0.6262364436,""std"":null,""count"":1},{""age_weeks"":10,""mean"":1.3887221578,""std"":0.7755924269,""count"":3},{""age_weeks"":16,""mean"":1.0989688447,""std"":8.2590022785,""count"":3},{""age_weeks"":28,""mean"":3.5908129943,""std"":3.1639198947,""count"":3}]"
w[(<I₄θ-1>)³],cross_weight,12,5,constant,0.0,-35.04977030427616,[0.08437581452078334],"[{""age_weeks"":3,""mean"":0.0977374866,""std"":0.1374743299,""count"":2},{""age_weeks"":8,""mean"":0.0043233177,""std"":null,""count"":1},{""age_weeks"":10,""mean"":0.0022835705,""std"":0.0030694528,""count"":3},{""age_weeks"":16,""mean"":0.0094279402,""std"":0.0072690533,""count"":3},{""age_weeks"":28,""mean"":0.2591923172,""std"":0.4432043115,""count"":3}]"
w[<I₂-3>ln(1+<I₂-3>)],cross_weight,12,5,constant,-2.220446049250313e-16,-48.465224672035006,[0.06222780022641669],"[{""age_weeks"":3,""mean"":0.0426615997,""std"":0.0594263754,""count"":2},{""age_weeks"":8,""mean"":0.185421361,""std"":null,""count"":1},{""age_weeks"":10,""mean"":0.1502917422,""std"":0.2408385166,""count"":3},{""age_weeks"":16,""mean"":0.0037631031,""std"":0.0019558955,""count"":3},{""age_weeks"":28,""mean"":0.0046081689,""std"":0.0013112361,""count"":3}]"
w[<I₂-3>·<E_z>],cross_weight,12,5,constant,0.0,-38.20578807081873,[0.07101480252111668],"[{""age_weeks"":3,""mean"":0.0030248608,""std"":0.0035809876,""count"":2},{""age_weeks"":8,""mean"":0.0028905004,""std"":null,""count"":1},{""age_weeks"":10,""mean"":0.2441132252,""std"":0.3858288761,""count"":3},{""age_weeks"":16,""mean"":0.0141863054,""std"":0.0153625485,""count"":3},{""age_weeks"":28,""mean"":0.0227796055,""std"":0.0328087737,""count"":3}]"
w[<I₄D1-1>],cross_weight,12,5,constant,0.0,-53.741649722783734,[0.06797578197140834],"[{""age_weeks"":3,""mean"":0.0276047078,""std"":0.0317446667,""count"":2},{""age_weeks"":8,""mean"":0.0100366136,""std"":null,""count"":1},{""age_weeks"":10,""mean"":0.0809184286,""std"":0.1210360108,""count"":3},{""age_weeks"":16,""mean"":0.1099567949,""std"":0.166420778,""count"":3},{""age_weeks"":28,""mean"":0.059279228,""std"":0.092104181,""count"":3}]"
w[<I₄D2-1>],cross_weight,12,5,constant,0.0,-53.741649722783734,[0.06797578197140834],"[{""age_weeks"":3,""mean"":0.0276047078,""std"":0.0317446667,""count"":2},{""age_weeks"":8,""mean"":0.0100366136,""std"":null,""count"":1},{""age_weeks"":10,""mean"":0.0809184286,""std"":0.1210360108,""count"":3},{""age_weeks"":16,""mean"":0.1099567949,""std"":0.166420778,""count"":3},{""age_weeks"":28,""mean"":0.059279228,""std"":0.092104181,""count"":3}]"
w[<I₄z-1>],cross_weight,12,5,constant,-2.220446049250313e-16,-6.390861226457332,[0.402340240939],"[{""age_weeks"":3,""mean"":0.1582298723,""std"":0.1630550922,""count"":2},{""age_weeks"":8,""mean"":0.2352571281,""std"":null,""count"":1},{""age_weeks"":10,""mean"":0.8923474463,""std"":1.4627032024,""count"":3},{""age_weeks"":16,""mean"":0.2093860382,""std"":0.1850584463,""count"":3},{""age_weeks"":28,""mean"":0.3237218551,""std"":0.5439796863,""count"":3}]"
w[<I₄θ-1>],cross_weight,12,5,constant,2.220446049250313e-16,-52.05372490211079,[0.06328097412348335],"[{""age_weeks"":3,""mean"":0.0140240321,""std"":0.0133485708,""count"":2},{""age_weeks"":8,""mean"":0.0075410854,""std"":null,""count"":1},{""age_weeks"":10,""mean"":0.0278980483,""std"":0.0260286865,""count"":3},{""age_weeks"":16,""mean"":0.1145179731,""std"":0.1627750909,""count"":3},{""age_weeks"":28,""mean"":0.0988448252,""std"":0.1655332264,""count"":3}]"
w[I₁-3],cross_weight,12,5,constant,-2.220446049250313e-16,-40.65502783299738,[0.08175220143566668],"[{""age_weeks"":3,""mean"":0.0489269444,""std"":0.0625529488,""count"":2},{""age_weeks"":8,""mean"":0.0040472034,""std"":null,""count"":1},{""age_weeks"":10,""mean"":0.2574088874,""std"":0.3221963338,""count"":3},{""age_weeks"":16,""mean"":0.0026969716,""std"":0.0003849119,""count"":3},{""age_weeks"":28,""mean"":0.0329359161,""std"":0.0496354921,""count"":3}]"
w[I₂-3],cross_weight,12,5,constant,0.0,-14.385188682543728,[0.2182684372118333],"[{""age_weeks"":3,""mean"":0.2496921599,""std"":0.3504842711,""count"":2},{""age_weeks"":8,""mean"":0.0099802436,""std"":null,""count"":1},{""age_weeks"":10,""mean"":0.6897499088,""std"":0.9897927617,""count"":3},{""age_weeks"":16,""mean"":0.0030099384,""std"":0.0008901172,""count"":3},{""age_weeks"":28,""mean"":0.0105257138,""std"":0.0122492908,""count"":3}]"
w[I₈D1D2],cross_weight,12,5,constant,2.220446049250313e-16,-3.727209030193574,[0.5790582120491669],"[{""age_weeks"":3,""mean"":0.1764267803,""std"":0.1185163581,""count"":2},{""age_weeks"":8,""mean"":0.0753514934,""std"":null,""count"":1},{""age_weeks"":10,""mean"":1.1513906555,""std"":1.6379073055,""count"":3},{""age_weeks"":16,""mean"":0.5318543481,""std"":0.0610174366,""count"":3},{""age_weeks"":28,""mean"":0.4902528266,""std"":0.4836135918,""count"":3}]"
