age,animal,name,coeff_raw,rms_psi,contribution,contribution_frac
10weeks,Gus,I₈D1D2,0.0099241,2.102444712159154,0.02086487156793866,1.0
10weeks,Mojito,I₈D1D2,0.67155,2.102444712159154,1.41189674645048,0.739304873602561
10weeks,Mojito,<E_z>,0.23469,0.6089052047155441,0.14290396249469106,0.07482813186944913
10weeks,Mojito,<I₄z-1>,0.11132,1.2219007055306337,0.13602198653967015,0.07122455506657487
10weeks,Mojito,I₂-3,0.023499,3.6236374768423274,0.08515185706831785,0.044587667678377255
10weeks,Mojito,<I₂-3>·<E_z>,0.022207,2.812659719799658,0.06246073439759101,0.032706021502652255
10weeks,Mojito,<I₂-3>ln(1+<I₂-3>),0.0058753,7.121809193036629,0.041842765551848106,0.021909931144228782
10weeks,Mojito,exp(<I₄z-1>)-1,0.0010221,28.846960479567045,0.029484478306165476,0.015438819136156747
10weeks,Pablo,I₈D1D2,0.48308,2.102444712159154,1.0156489915498441,0.7995935011205509
10weeks,Pablo,I₂-3,0.069802,3.6236374768423274,0.25293714315854815,0.199130701201162
10weeks,Pablo,I₁-3,0.00078777,2.057106401083927,0.0016205267095818852,0.00127579767828712
16weeks,Audi,I₈D1D2,1.9043,2.102444712159154,4.003685465364677,0.8576590070776011
16weeks,Audi,<I₄z-1>,0.21481,1.2219007055306337,0.2624764905550354,0.056227025878552696
16weeks,Audi,<E_z>,0.21241,0.6089052047155441,0.12933755453362872,0.02770635194966626
16weeks,Audi,<E_θ>,0.15159,0.711046410469208,0.10778752536302724,0.023089961181499884
16weeks,Audi,<I₄D1-1>,0.072356,1.2171623689535682,0.08806900036800439,0.01886591043761215
16weeks,Audi,<I₄D2-1>,0.063097,1.2171623689535682,0.07679929399386329,0.01645174347506791
16weeks,Oreon,<I₄D1-1>,1.1688,1.2171623689535682,1.4226193768329307,0.34139453075440396
16weeks,Oreon,I₈D1D2,0.64829,2.102444712159154,1.362993882445658,0.3270858421418118
16weeks,Oreon,<I₄D2-1>,1.0702,1.2171623689535682,1.3026071672541089,0.3125944787930896
16weeks,Oreon,(<I₄D2-1>)³,0.017228,4.076445242791436,0.07022899864281086,0.016853275322588096
16weeks,Oreon,<E_z>,0.014179,0.6089052047155441,0.0086336668976617,0.002071872988106497
16weeks,Sagittarius,(<I₄θ-1>)³,39.438,10.765964267057774,424.5880987642245,0.9868631991523464
16weeks,Sagittarius,I₈D1D2,1.5592,2.102444712159154,3.278131795198553,0.007619308313323955
16weeks,Sagittarius,<I₄z-1>,0.9969,1.2219007055306337,1.2181128133434886,0.002831239762497811
16weeks,Sagittarius,<E_z>,1.7593,0.6089052047155441,1.0712469266560567,0.0024898817752990487
16weeks,Sagittarius,<I₂-3>·<E_z>,0.030038,2.812659719799658,0.08448667266334213,0.0001963709965327652
28weeks,Dodge,I₈D1D2,3.0141,2.102444712159154,6.3369786069189065,0.863146600885276
28weeks,Dodge,I₂-3,0.13947,3.6236374768423274,0.5053887188951994,0.06883794027075811
28weeks,Dodge,<I₂-3>ln(1+<I₂-3>),0.066419,7.121809193036629,0.4730234447922999,0.06442953398418226
28weeks,Dodge,I₁-3,0.012798,2.057106401083927,0.0263268477210721,0.003585924859783648
28weeks,Lexus,<E_θ>,1.1852,0.711046410469208,0.8427322056881054,0.5442154310134034
28weeks,Lexus,<I₄θ-1>,0.27265,1.4253094094986547,0.3886106104998082,0.25095503584896395
28weeks,Lexus,<I₄D1-1>,0.12874,1.2171623689535682,0.15669748337908238,0.10119132493130796
28weeks,Lexus,<I₄D2-1>,0.10811,1.2171623689535682,0.13158742370757026,0.08497587492872226
28weeks,Lexus,<I₄z-1>·<E_z>,0.0093102,1.0675353402867276,0.00993896752513749,0.00641833723573484
28weeks,Lexus,I₈D1D2,0.0046148,2.102444712159154,0.009702361857672063,0.006265543199348425
28weeks,Lexus,<E_z>,0.015204,0.6089052047155441,0.009257794732495132,0.005978452842519111
28weeks,Mercedes,I₈D1D2,2.5372,2.102444712159154,5.334322723690206,0.6519521020955232
28weeks,Mercedes,<I₄D1-1>,1.1643,1.2171623689535682,1.4171421461726394,0.17320076962390216
28weeks,Mercedes,<I₄D2-1>,1.0314,1.2171623689535682,1.2553812673387104,0.15343062251145984
28weeks,Mercedes,<I₂-3>·<E_z>,0.062301,2.812659719799658,0.17523151320323851,0.021416505769114674
3weeks,Lucid,I₈D1D2,0.48855,2.102444712159154,1.0271493641253546,0.525025493695699
3weeks,Lucid,exp(<I₄z-1>)-1,0.016099,28.846960479567045,0.4644072167605498,0.23738088808844002
3weeks,Lucid,<E_z>,0.4301,0.6089052047155441,0.2618901285481555,0.13386465380534945
3weeks,Lucid,<I₄z-1>,0.16608,1.2219007055306337,0.20293326917452764,0.1037289644105116
3weeks,Rosie,(<I₄D1-1>)³,0.023572,4.076445242791436,0.09608996726307974,0.1676176194139062
3weeks,Rosie,(<I₄D2-1>)³,0.023564,4.076445242791436,0.09605735570113741,0.1675607323888209
3weeks,Rosie,(<I₄θ-1>)³,0.0079588,10.765964267057774,0.08568415640865941,0.14946590916600933
3weeks,Rosie,<I₂-3>ln(1+<I₂-3>),0.0111,7.121809193036629,0.07905208204270658,0.1378970373195504
3weeks,Rosie,(<I₄z-1>)³,0.018348,4.13528823555714,0.0758742685460024,0.13235371632121348
3weeks,Rosie,I₈D1D2,0.030195,2.102444712159154,0.06348331808364566,0.11073916406426945
3weeks,Rosie,<I₁-3>·<E_θ>,0.01412,2.0310370663731896,0.02867824337718944,0.05002581456497261
3weeks,Rosie,<I₄z-1>·<I₄D2-1>,0.0075835,2.131066163257091,0.01616094024906015,0.028190854978869962
3weeks,Rosie,<I₄z-1>·<E_z>,0.012173,1.0675353402867276,0.012995107697310335,0.022668433326518692
3weeks,Rosie,I₂-3,0.0027677,3.6236374768423274,0.01002914144465651,0.017494654869807367
3weeks,Rosie,I₁-3,0.0034977,2.057106401083927,0.007195141059071252,0.012551075310150138
3weeks,Rosie,<E_θ>,0.0027694,0.711046410469208,0.001969171929153425,0.00343498827591137
8weeks,Martini,I₈D1D2,1.8125,2.102444712159154,3.8106810407884666,0.6305963717525868
8weeks,Martini,<E_θ>,1.1535,0.711046410469208,0.8201920344762315,0.13572642673186533
8weeks,Martini,<I₄z-1>,0.64354,1.2219007055306337,0.786341980037184,0.13012487643562898
8weeks,Martini,<I₄θ-1>,0.22237,1.4253094094986547,0.31694605339021586,0.05244863822762185
8weeks,Martini,<E_z>,0.50237,0.6089052047155441,0.3058957076929479,0.05062001289038628
8weeks,Martini,<I₁-3>·<E_z>,0.0020865,1.4008300542707153,0.002922831908235847,0.0004836739619107177
