lambda_theta,sigma_theta_kPa,lambda_z,sigma_z_kPa,stress_ratio_sigmaTheta_over_sigmaZ,pressure_kPa,od_mm,length_mm,F_transducer_mN,F_vessel_mN
0.811893083622229,0.0713897231790116,1.092,1.45639422092314,0.0490181313228235,0.152909649230769,7.57204195804196,24.024,51.8799216188811,53.1819848593197
0.814820870124575,0.0808608941992154,1.092,1.42737342899175,0.0566501327240854,0.130352234122435,7.58394924022289,24.024,50.9941630589119,52.1222557729722
0.817748656626922,0.0901429524142617,1.092,1.41511878463885,0.0636999193232157,0.121567601220754,7.59590985098722,24.024,50.6052391128443,51.6747627102635
0.820676443129268,0.0992283261833922,1.092,1.40964690145868,0.0703923273840509,0.118340063325364,7.60792007546761,24.024,50.4166111779262,51.4749503213793
0.823604229631614,0.108109443865849,1.092,1.40866780755981,0.0767458752770986,0.11877437133941,7.6199850849248,24.024,50.359835565979,51.439197531264
0.826532016133961,0.116778733820873,1.092,1.41076834325513,0.0827766900066836,0.121683586731913,7.63211556651992,24.024,50.3920032866115,51.515901116008
0.829459802636307,0.125228624407705,1.092,1.41392485386207,0.0885680904933875,0.125441423694082,7.64426849787171,24.024,50.4546688073484,51.6311648934212
0.832387589138653,0.133451543985589,1.092,1.42246219107694,0.0938172872521508,0.130727096750633,7.65654568867344,24.024,50.695835433482,51.9429160195774
0.835315375640999,0.141439920913765,1.092,1.4313150867803,0.0988181583636695,0.136102369729972,7.66883016666857,24.024,50.9474702540245,52.2661901430897
0.838243162143346,0.149186183551475,1.092,1.44016798248366,0.103589432181511,0.14147764270931,7.6811146446637,24.024,51.199105074567,52.5894642666019
0.841170948645692,0.15668276025796,1.092,1.44775875998461,0.108224356563124,0.151996941513321,7.69349636091628,24.024,51.3486834774027,52.8666506274968
0.844098735148038,0.163922079392464,1.092,1.45474077063012,0.112681298759133,0.164997396535192,7.70592497882046,24.024,51.4490362495755,53.1216071352216
0.847026521650385,0.170896569314226,1.092,1.45569363409445,0.117398719972102,0.179517302196279,7.71837511710755,24.024,51.3116267518705,53.1564020895034
0.849954308152731,0.177598658382489,1.092,1.43707017166772,0.123583845718811,0.198088748615872,7.73089710259281,24.024,50.4112638567442,52.4763439825857
0.852882094655077,0.184020774956494,1.092,1.40855400465036,0.130645168271111,0.204660993231976,7.74348679412218,24.024,49.2694455245595,51.4350418812895
0.855809881157423,0.190155347395483,1.092,1.33956936668966,0.141952594709891,0.209197675289066,7.75609578111554,24.024,46.6711065205283,48.9159849399442
0.85873766765977,0.195897520615015,1.092,1.22250461695783,0.160242765464969,0.21060599792659,7.76875990800945,24.024,42.348606443927,44.6412249482079
0.861665454162116,0.201089591278344,1.092,1.11132897397155,0.180945153044747,0.21266719605526,7.78147979124982,24.024,38.2334175075209,40.5815127651468
0.864593240664462,0.205867203128815,1.092,1.09305743731755,0.18834070022343,0.215345204652204,7.79424549969724,24.024,37.5029565583625,39.9143056506653
0.867521027166809,0.210377179618999,1.092,1.08329289579759,0.194201568601726,0.218302691080848,7.80708646355648,24.024,37.0781790463334,39.5577416848022
0.870448813669155,0.214766344201465,1.092,1.07676593089349,0.199454995779125,0.221366540670433,7.81995606798241,24.024,36.7697379765271,39.3194017190699
0.873376600171501,0.219181520328785,1.092,1.07023896598938,0.204796804539969,0.224430390260017,7.83282567240834,24.024,36.4612969067208,39.0810617533375
0.876304386673847,0.223769531453529,1.092,1.07064556143964,0.209004304984592,0.22752885505419,7.84578557954045,24.024,36.4032592347278,39.095909074735
0.879232173176194,0.228677201028266,1.092,1.07567928512665,0.212588644394451,0.230650420388689,7.85880575040146,24.024,36.5123288746184,39.2797215432704
0.88215995967854,0.234051352505568,1.092,1.08071300881366,0.216571236393736,0.233771985723189,7.87182592126247,24.024,36.621398514509,39.4635340118058
0.885087746180886,0.240040726846859,1.092,1.08574673250067,0.221083536023178,0.236893551057688,7.88484609212348,24.024,36.7304681543996,39.6473464803412
0.888015532683233,0.246864396882094,1.092,1.10272243609526,0.223868118396358,0.242993738158421,7.89800435907361,24.024,37.2335428821516,40.2672346936931
0.890943319185579,0.254482688558536,1.092,1.1203260580868,0.227150557394978,0.249250543459742,7.91116988722126,24.024,37.7573346974447,40.9100521017641
0.893871105687925,0.262731316711968,1.092,1.13792968007835,0.230885371312117,0.255507348761062,7.92433541536891,24.024,38.2811265127379,41.5528695098352
0.896798892190271,0.27144599617817,1.092,1.14706526923312,0.236643897656886,0.261633186818521,7.93761110197172,24.024,38.4914529794334,41.8864665243866
0.899726678692618,0.280462441792927,1.092,1.15460185140552,0.242908359666593,0.267734294511628,7.95090758964395,24.024,38.6425882159109,42.1616738777431
0.902654465194964,0.28961636839202,1.092,1.16213843357793,0.249209870376943,0.273835402204735,7.96420407731619,24.024,38.7937234523884,42.4368812310997
0.90558225169731,0.29874349081123,1.092,1.16981854763805,0.255375922543214,0.278715600418781,7.97758156456316,24.024,38.9624822780211,42.717329823792
0.908510038199656,0.307679523886342,1.092,1.17757318301802,0.261282719684382,0.282961906142194,7.99100110654315,24.024,39.1403912175772,43.000499652017
0.911437824702003,0.316260182453135,1.092,1.18532781839798,0.26681241893114,0.287208211865607,8.00442064852314,24.024,39.3183001571333,43.283669480242
0.914365611204349,0.32437901685888,1.092,1.19801685333006,0.270763316857541,0.289940128430776,8.01792285086964,24.024,39.6945627316543,43.7470248368772
0.917293397706695,0.332169234305238,1.092,1.21235724056572,0.273986266746127,0.292165237632947,8.03145271643742,24.024,40.13720658085,44.2706813070054
0.920221184209042,0.339803224389752,1.092,1.23217625071884,0.275774852981881,0.294707614202063,8.04498551220229,24.024,40.7752291105513,44.9943962756227
0.923148970711388,0.347452321703894,1.092,1.38627826392931,0.250636781045001,0.305026327169486,8.0585901281435,24.024,46.2020528311672,50.6216164441807
0.926076757213734,0.35528786083913,1.092,1.39529776097285,0.254632287656945,0.309004599785167,8.07223157387111,24.024,46.420124458344,50.9509742158041
0.92900454371608,0.363481176386932,1.092,1.46466013979421,0.248167589539238,0.320611430465872,8.08590927064299,24.024,48.7274057627285,53.4838248185382
0.931932330218427,0.372203602938769,1.092,1.38107432442988,0.269502948794893,0.328442048933059,8.09963655473161,24.024,45.5007702720746,50.4315883407378
0.934860116720773,0.381677191496591,1.092,1.29018096681126,0.295832291217195,0.336163826579087,8.11338488114128,24.024,42.0072159430064,47.1125081773859
0.937787903223119,0.392362977085891,1.092,1.21228149569588,0.32365665769786,0.34510775444567,8.1271824502323,24.024,38.9649089583451,44.2679153920744
0.940715689725466,0.404107259213489,1.092,1.143221519916,0.353481151442271,0.354883088002242,8.1410135181885,24.024,36.2295770111407,41.7461073997421
0.943643476227812,0.416628295523688,1.092,1.07305306681381,0.388264391024735,0.364621196672181,8.15484757354474,24.024,33.4540508418943,39.1838220261314
0.946571262730158,0.42964434366079,1.092,0.973589269352883,0.441299382794515,0.373375509056306,8.16876058127251,24.024,29.6162534360089,35.5517819544093
0.949499049232504,0.442873661269096,1.092,0.874125471891956,0.506647701628624,0.38212982144043,8.18267358900027,24.024,25.7784560301235,31.9197418826871
0.952426835734851,0.456034505992909,1.092,0.836730950814262,0.54501928672427,0.383598845139861,8.19668288214631,24.024,24.3195029967243,30.554236015385
0.955354622237197,0.46884513547653,1.092,0.800577786826043,0.585633455226513,0.384922166403487,8.21069410095659,24.024,22.9081257608632,29.2340597937166
0.958282408739543,0.481023807364262,1.092,0.764424622837823,0.629262576051679,0.386245487667113,8.22470531976688,24.024,21.4967485250021,27.9138835720482
0.96121019524189,0.492288779300406,1.092,0.737451136339028,0.66755443858193,0.387891998804746,8.23876237686508,24.024,20.4138900815018,26.928914303444
0.964137981744236,0.502358308929264,1.092,0.726592484503653,0.69138935461524,0.390105866626805,8.25289990263247,24.024,19.9077431868354,26.5323975848213
0.967065768246582,0.511006036604337,1.092,0.715733832668278,0.713960991195973,0.392319734448863,8.26703742839986,24.024,19.4015962921691,26.1358808661986
0.969993554748928,0.518587863990762,1.092,0.704875180832903,0.735715880048411,0.394533602270922,8.28117495416724,24.024,18.8954493975027,25.7393641475759
0.972921341251275,0.525384092740089,1.092,0.702196256087014,0.748201216092764,0.396799644330293,8.29537008690665,24.024,18.6850796432693,25.6415399917063
0.975849127753621,0.531592326314209,1.092,0.708848754714548,0.749937589335655,0.399125206700332,8.3096309376143,24.024,18.8121321149079,25.8844639721804
0.978776914255967,0.537410168175012,1.092,0.715501253342082,0.751096054220433,0.401450769070371,8.32389178832196,24.024,18.9391845865464,26.1273879526545
0.981704700758314,0.543035221784391,1.092,0.722153751969615,0.751966212601273,0.40377633144041,8.33815263902962,24.024,19.066237058185,26.3703119331286
0.98463248726066,0.548665090604237,1.092,0.747539050522513,0.733961777944219,0.405620356224578,8.35249523055446,24.024,19.8833118354454,27.2972866106537
0.987560273763006,0.554497378096442,1.092,0.778408817750814,0.712347246654583,0.407323399531536,8.36686175363002,24.024,20.9024069052189,28.424533251543
0.990488060265352,0.560729687722897,1.092,0.809278584979115,0.692875973898861,0.409026442838495,8.38122827670558,24.024,21.9215019749925,29.5517798924323
0.993415846767699,0.567559622945493,1.092,0.836083498522266,0.678831269781816,0.408438946116762,8.39565064859865,24.024,22.8340704256453,30.5305935170178
0.996343633270045,0.575184787226123,1.092,0.861559993353363,0.66760851439653,0.407102887092298,8.41009127222228,24.024,23.711825334377,31.4608983362152
0.999271419772391,0.583817980777357,1.092,0.90354338908166,0.646142717474516,0.406747723033117,8.42457998044645,24.024,25.1737158564072,32.9939724749946
1.00219920627474,0.593718838995707,1.092,0.928295513952689,0.639579562835167,0.406738489474253,8.43908287790067,24.024,25.9994048352479,33.8978260547573
1.00512699277708,0.604891715151425,1.092,0.898123316365872,0.673506303788029,0.420130840687015,8.45362347797886,24.024,24.556596283364,32.7960520074685
1.00805477927943,0.61729198275354,1.092,1.05006874010493,0.587858641227486,0.449362634705633,8.46819347512691,24.024,29.4454418114061,38.344521720299
1.01098256578178,0.630876307835651,1.092,1.11929282891579,0.563638300485452,0.484326961296472,8.4827925096032,24.024,31.1858075650277,40.8723224971423
1.01391035228412,0.646716128988884,1.092,1.09346266952572,0.591438690146955,0.47189153255354,8.49742584890712,24.024,30.3951435224675,39.92910319164
1.01683813878647,0.665380286898658,1.092,1.20794163536096,0.550838109574578,0.504458596548149,8.51209559517264,24.024,33.8217404002811,44.1094401775294
1.01976592528882,0.686294092190347,1.092,1.23734657665396,0.554649849233207,0.510061310891997,8.52679755488358,24.024,34.6794503581056,45.1831969393781
1.02269371179116,0.708882855489322,1.092,1.26675151794697,0.559606872733979,0.515664025235845,8.54149951459453,24.024,35.53716031593,46.2569537012267
1.02562149829351,0.732571887420954,1.092,1.28863268520866,0.568487743504918,0.521195857584491,8.55622971555619,24.024,36.1190174013782,47.0559708143804
1.02854928479585,0.756786498610616,1.092,1.29228172927232,0.58562036548854,0.52655592384026,8.57102835264585,24.024,36.0324089623744,47.189220042753
1.0314770712982,0.78095199968368,1.092,1.29593077333597,0.602618608765158,0.53191599009603,8.58582698973549,24.024,35.9458005233705,47.3224692711257
1.03440485780055,0.804493701265518,1.092,1.29957981739963,0.619041393606169,0.537276056351799,8.60062562682515,24.024,35.8591920843667,47.4557184994983
1.03733264430289,0.826836913981501,1.092,1.29946056941727,0.636292422749145,0.541158041377944,8.61547453921874,24.024,35.6634212407224,47.4513640161441
1.04026043080524,0.847406948457002,1.092,1.29542462609576,0.654153805158835,0.543503735216389,8.63037570686385,24.024,35.3541889465734,47.3039866965048
1.04318821730759,0.865629115317393,1.092,1.29138868277424,0.670308735753974,0.545849429054835,8.64527687450896,24.024,35.0449566524243,47.1566093768654
1.04611600380993,0.880928725188043,1.092,1.28735273945273,0.684294753248855,0.54819512289328,8.66017804215406,24.024,34.7357243582752,47.0092320572261
1.04904379031228,0.893061855911243,1.092,1.28110637029887,0.697102033535983,0.547377008013643,8.67514164359105,24.024,34.4160016606307,46.7811383824545
1.05197157681462,0.903007177423984,1.092,1.27360623575028,0.709015983179465,0.544764363850007,8.69014065780985,24.024,34.0903287498251,46.5072619578743
1.05489936331697,0.911430351135625,1.092,1.2661061012017,0.719868856386174,0.542151719686371,8.70513967202865,24.024,33.7646558390195,46.2333855332942
1.05782714981932,0.918950665517907,1.092,1.25860596665311,0.730133727207397,0.539539075522735,8.72013868624745,24.024,33.4389829282139,45.959509108714
1.06075493632166,0.926187409042573,1.092,1.24554300475411,0.743601309234133,0.539486475200751,8.73522024406933,24.024,32.8513237121901,45.4824993596021
1.06368272282401,0.933759870181365,1.092,1.23218268507852,0.757809602008702,0.53957072056834,8.75030621421264,24.024,32.2496601670167,44.9946312339974
1.06661050932636,0.942287337406025,1.092,1.21882236540292,0.773112936022077,0.539654965935928,8.76539218435595,24.024,31.6479966218432,44.5067631083928
1.0695382958287,0.952389099188295,1.092,1.13318633569582,0.840452332672624,0.563191259432301,8.78051602485888,24.024,27.8419153949965,41.3796605904986
1.07246608233105,0.964684443999916,1.092,1.17855420665538,0.818532095131707,0.542795956003328,8.79566959815416,24.024,29.8762047248005,43.0363229088519
1.07539386883339,0.980773731025211,1.092,0.919801741618667,1.06628818651642,0.587475393528497,8.81085028562089,24.024,19.220196200068,33.5876657525692
1.07832165533574,1.00250924755659,1.092,0.873144575156403,1.1481595099838,0.591812775278975,8.82606991888634,24.024,17.2858298774674,31.8839232598243
1.08124944183809,1.02904852953699,1.092,0.843309593962706,1.22024999704023,0.592921939875596,8.84129254915785,24.024,16.0439109551009,30.7944630743015
1.08417722834043,1.05947304028983,1.092,0.830512465783996,1.27568589748945,0.596632376486522,8.85653936447614,24.024,15.3572585078145,30.3271605628897
1.08710501484278,1.09286424313855,1.092,0.835721712099139,1.30768918327314,0.603091955140683,8.87181173964691,24.024,15.2574368123476,30.5173824510848
1.09003280134513,1.12830360140655,1.092,1.08967545621258,1.03544922020014,0.633031137117505,8.8871043140562,24.024,23.6386236969992,39.7908085471098
1.09296058784747,1.16487257841726,1.092,1.32990175350233,0.875908746905207,0.645634563043558,8.90242497814485,24.024,31.9516530756226,48.5629604286078
1.09588837434982,1.2016526374941,1.092,1.24120555216824,0.96813346942813,0.667090964702725,8.91777187822867,24.024,28.0145017031467,45.3241120669064
1.09881616085216,1.23772524196049,1.092,1.22072590347251,1.01392559823595,0.683439637669289,8.93315738726147,24.024,26.6958086718204,44.5762730881369
1.10174394735451,1.2721925786772,1.092,1.21959251271289,1.04312921358242,0.687254364659541,8.94856291533226,24.024,26.4044735111714,44.5348859627615
1.10215940487539,1.27695791937605,1.092,1.21943168277711,1.0471746284859,0.687795680434078,8.95074898405516,24.024,26.3631325925318,44.5290130644163
1.10257486239627,1.28171447700545,1.092,1.21927085284132,1.05121390708112,0.688336996208614,8.95293505277806,24.024,26.3217916738922,44.5231401660711
1.10299031991714,1.2864632303141,1.092,1.21911002290553,1.05524784977819,0.688878311983151,8.95512112150096,24.024,26.2804507552526,44.5172672677259
1.10340577743802,1.29120515805068,1.092,1.21894919296974,1.05927725740964,0.689419627757687,8.95730719022386,24.024,26.2391098366129,44.5113943693807
1.1038212349589,1.29594123896387,1.092,1.21878836303395,1.0633029312307,0.689960943532224,8.95949325894675,24.024,26.1977689179733,44.5055214710355
1.10423669247978,1.30067245180237,1.092,1.21862753309816,1.06732567291961,0.69050225930676,8.96167932766965,24.024,26.1564279993337,44.4996485726903
1.10465215000065,1.30539977531485,1.092,1.21846670316238,1.07134628457786,0.691043575081297,8.96386539639255,24.024,26.115087080694,44.4937756743451
1.10506760752153,1.31012418825001,1.092,1.21830587322659,1.07536556873049,0.691584890855834,8.96605146511545,24.024,26.0737461620544,44.4879027759999
1.10548306504241,1.31484666935651,1.092,1.2181450432908,1.07938432832635,0.69212620663037,8.96823753383835,24.024,26.0324052434148,44.4820298776547
1.10589852256329,1.31956819738307,1.092,1.21798421335501,1.08340336673842,0.692667522404907,8.97042360256125,24.024,25.9910643247752,44.4761569793095
1.10631398008416,1.32428975107835,1.092,1.21782338341922,1.08742348776405,0.693208838179443,8.97260967128415,24.024,25.9497234061355,44.4702840809643
1.10672943760504,1.32901230919103,1.092,1.21766255348344,1.09144549562525,0.693750153953979,8.97479574000704,24.024,25.9083824874959,44.4644111826191
1.10714489512592,1.33373685046982,1.092,1.21750172354765,1.09547019496899,0.694291469728516,8.97698180872994,24.024,25.8670415688563,44.4585382842739
1.1075603526468,1.33846435366339,1.092,1.21734089361186,1.09949839086746,0.694832785503053,8.97916787745284,24.024,25.8257006502167,44.4526653859287
1.10797581016768,1.34319579752042,1.092,1.21718006367607,1.10353088881835,0.695374101277589,8.98135394617574,24.024,25.7843597315771,44.4467924875835
1.10839126768855,1.34793216078961,1.092,1.22236614090957,1.10272373855726,0.701725101416972,8.98354435247963,24.024,25.7813550194376,44.6361683289242
1.10880672520943,1.35267442221964,1.092,1.23037661572407,1.09939867592785,0.711144952005219,8.98573705002458,24.024,25.7986006474436,44.928680441497
1.10922218273031,1.35742356055918,1.092,1.23838709053857,1.09612218257931,0.720564802593462,8.98792974756953,24.024,25.8158462754496,45.2211925540696
1.10963764025119,1.36218055455694,1.092,1.35357371686036,1.00635860285212,0.728914397705473,8.99012311810498,24.024,29.7747116405569,49.4273706128911
1.11005309777206,1.36694638296159,1.092,1.41080682256133,0.968911094773336,0.732070004575625,8.99231735490689,24.024,31.7568042388934,51.5173062341073
1.11046855529294,1.37172202452181,1.092,1.44898066804234,0.946680694073782,0.734123144792257,8.99451174752604,24.024,33.0725731617607,52.911270068368
1.11088401281382,1.3765084579863,1.092,1.48715451352333,0.925598816712803,0.736176285008888,8.9967061401452,24.024,34.3883420846274,54.3052339026279
1.1112994703347,1.38130666210373,1.092,1.66108009034396,0.831571379449683,0.759869070446193,8.99890130966563,24.024,40.0748384543609,60.6563353147583
1.11171492785557,1.3861176156228,1.092,1.50542907267029,0.920745879554551,0.744231919424628,9.00109728632161,24.024,34.7924465770178,54.9725513870715
1.11213038537645,1.39094229729218,1.092,1.32509176092447,1.049695076454,0.725611877398954,9.00329331589734,24.024,28.6894524270021,48.3873177703399
1.11254584289733,1.39578168586057,1.092,1.63952751675371,0.851331662078013,0.742796082263434,9.00548966729685,24.024,39.6810576663856,59.8693171943283
1.11296130041821,1.40063676007665,1.092,1.62711899734536,0.860807821899806,0.745035651297901,9.00768711993475,24.024,39.143748879997,59.416205199086
1.11337675793908,1.4055084986891,1.092,1.61471047793701,0.870439944431903,0.747275220332366,9.00988457257266,24.024,38.6064400936086,58.963093203844
1.11379221545996,1.41039788044661,1.092,1.60230195852865,0.880232263924672,0.749514789366834,9.01208202521056,24.024,38.06913130722,58.5099812086017
1.11420767298084,1.41530588409786,1.092,1.60669679355982,0.880879260960056,0.752776391608456,9.01428025451818,24.024,38.1171668958347,58.6704638902334
1.11462313050172,1.42023348839154,1.092,1.62529388585993,0.87383180404946,0.756901820093679,9.0164791402699,24.024,38.6599377133378,59.3495590602934
1.11503858802259,1.42518167207633,1.092,1.64389097816006,0.866956319494791,0.761027248578905,9.01867802602162,24.024,39.2027085308411,60.0286542303537
1.11545404554347,1.43015141390093,1.092,1.64488503029998,0.869453723242962,0.761080132538486,9.02087769874765,24.024,39.2141472621168,60.0649532386134
1.11586950306435,1.43514369261401,1.092,1.63198461203751,0.879385554268339,0.75791846668968,9.02307799264995,24.024,38.806193781664,59.5938789656884
1.11628496058523,1.44015948696425,1.092,1.61908419377505,0.889490177534488,0.754756800840875,9.02527828655226,24.024,38.3982403012115,59.1228046927636
1.11670041810611,1.44519977570035,1.092,1.6064220567387,0.899638902266037,0.751719750181543,9.0274787143144,24.024,37.9955437678262,58.6604315451093
1.11711587562698,1.45026553757099,1.092,1.60240788284888,0.905053921098164,0.753205370416691,9.0296840002641,24.024,37.7836381131173,58.5138491624249
1.11753133314786,1.45535775132485,1.092,1.59839370895907,0.910512687310706,0.754690990651839,9.0318892862138,24.024,37.5717324584085,58.3672667797405
1.11794679066874,1.46047739571062,1.092,1.59437953506926,0.916016145206719,0.756176610886987,9.0340945721635,24.024,37.3598268036996,58.2206843970561
1.11836224818962,1.46562544947699,1.092,1.59036536117944,0.921565248623156,0.757662231122135,9.03629985811321,24.024,37.1479211489908,58.0741020143717
1.11877770571049,1.47080289137263,1.092,1.58635118728963,0.927160961051494,0.759147851357282,9.03850514406291,24.024,36.936015494282,57.9275196316873
1.11919316323137,1.47601070014625,1.092,1.58233701339982,0.932804255760206,0.760633471592431,9.04071043001261,24.024,36.7241098395731,57.7809372490029
1.11960862075225,1.48124985454651,1.092,1.57832283951001,0.938496115919075,0.762119091827579,9.04291571596231,24.024,36.5122041848642,57.6343548663185
1.12002407827313,1.4865213333221,1.092,1.57430866562019,0.944237534725434,0.763604712062726,9.04512100191202,24.024,36.3002985301554,57.4877724836341
1.120439535794,1.49182611522172,1.092,1.57029449173038,0.95002951553234,0.765090332297874,9.04732628786172,24.024,36.0883928754465,57.3411901009497
1.12085499331488,1.49716517899404,1.092,1.56628031784057,0.9558730719787,0.766575952533023,9.04953157381142,24.024,35.8764872207376,57.1946077182653
1.12127045083576,1.50253950338775,1.092,1.56226614395075,0.961769228121423,0.768061572768171,9.05173685976112,24.024,35.6645815660287,57.0480253355808
1.12168590835664,1.50795006715153,1.092,1.55825197006094,0.967719018569607,0.769547193003318,9.05394214571083,24.024,35.4526759113199,56.9014429528965
1.12210136587751,1.51339784903408,1.092,1.55423779617113,0.973723488620814,0.771032813238467,9.05614743166053,24.024,35.240770256611,56.7548605702121
1.12251682339839,1.51888382778407,1.092,1.55022362228131,0.97978369439944,0.772518433473615,9.05835271761023,24.024,35.0288646019021,56.6082781875277
1.12293228091927,1.52440898215019,1.092,1.5462094483915,0.98590070299726,0.774004053708762,9.06055800355993,24.024,34.8169589471933,56.4616958048433
1.12334773844015,1.52997429088113,1.092,1.54219527450169,0.992075592616174,0.77548967394391,9.06276328950964,24.024,34.6050532924844,56.3151134221589
1.12376319596102,1.53558073272556,1.092,1.53818110061188,0.998309452713158,0.776975294179058,9.06496857545934,24.024,34.3931476377756,56.1685310394745
1.1241786534819,1.54122928643219,1.092,1.53416692672206,1.00460338414752,0.778460914414206,9.06717386140904,24.024,34.1812419830668,56.0219486567901
1.12459411100278,1.54692093074968,1.092,1.53015275283225,1.01095849933047,0.779946534649354,9.06937914735875,24.024,33.9693363283579,55.8753662741057
1.12500956852366,1.55265664442673,1.092,1.48447248770546,1.04593157319248,0.784770659271411,9.07158551244811,24.024,32.1416427303848,54.2072965073892
1.12542502604453,1.55843740621202,1.092,1.30347103126707,1.19560570877981,0.800437423013755,9.07379538231704,24.024,25.0662682749521,47.5978108492273
1.12584048356541,1.56426419485424,1.092,1.19958220957388,1.30400749725182,0.810862353196231,9.07600586008513,24.024,20.9538227935774,43.8041857009224
1.12625594108629,1.57013798910207,1.092,1.20687389603485,1.30099589879334,0.813729640966777,9.07821721431839,24.024,21.1133095325053,44.0704503931293
1.12667139860717,1.5760597677042,1.092,1.21416558249581,1.29805999315553,0.816596928737324,9.08042856855164,24.024,21.2727962714332,44.3367150853362
1.12708685612805,1.5820305094093,1.092,1.22145726895677,1.29519922605273,0.819464216507869,9.08263992278489,24.024,21.432283010361,44.602979777543
1.12750231364892,1.58805119296608,1.092,1.22874895541774,1.29241305635632,0.822331504278415,9.08485127701815,24.024,21.5917697492889,44.8692444697499
1.1279177711698,1.5941227971232,1.092,1.31024789312031,1.21665740162104,0.800490528333374,9.08706294169318,24.024,25.1610338057762,47.8452761023125
1.12833322869068,1.60024630062936,1.092,1.30043947850309,1.23054269505211,0.804709424332662,9.08927716835972,24.024,24.6568956203766,47.4871100575886
1.12874868621156,1.60642268223325,1.092,1.29063106388587,1.24468000746594,0.808928320331952,9.09149139502627,24.024,24.1527574349767,47.1289440128645
1.12916414373243,1.61265292068354,1.092,1.28082264926865,1.25907589282901,0.813147216331241,9.09370562169281,24.024,23.6486192495767,46.7707779681405
1.12957960125331,1.61893799472892,1.092,1.27101423465143,1.27373710741556,0.817366112330529,9.09591984835935,24.024,23.1444810641771,46.4126119234166
1.12999505877419,1.62527888311808,1.092,1.26120582003421,1.28867061767443,0.821585008329819,9.09813407502589,24.024,22.6403428787771,46.0544458786926
1.13041051629507,1.6316765645997,1.092,1.25139740541699,1.30388360846569,0.825803904329108,9.10034830169243,24.024,22.1362046933772,45.6962798339685
1.13082597381594,1.63813201792247,1.092,1.24158899079977,1.31938349168775,0.830022800328396,9.10256252835897,24.024,21.6320665079776,45.3381137892446
1.13124143133682,1.64463487848121,1.092,1.23178057618255,1.33516870640885,0.834241696327686,9.10477675502552,24.024,21.1279283225776,44.9799477445206
1.1316568888577,1.65111949062346,1.092,1.22781583780632,1.34476151861133,0.836065663009471,9.10699364577819,24.024,20.9045606037138,44.8351705590121
1.13207234637858,1.65757840865169,1.092,1.22586846575433,1.35216661082126,0.837062847105285,9.10921145623233,24.024,20.7781210616819,44.7640599287334
1.13248780389945,1.66401554392232,1.092,1.22392109370235,1.3595774698912,0.8380600312011,9.11142926668647,24.024,20.65168151965,44.6929492984548
1.13290326142033,1.67043480779178,1.092,1.22197372165037,1.36699732424338,0.839057215296914,9.11364707714061,24.024,20.525241977618,44.6218386681761
1.13331871894121,1.67684011161651,1.092,1.22002634959838,1.37442942291247,0.840054399392729,9.11586488759475,24.024,20.3988024355861,44.5507280378975
1.13373417646209,1.68323536675293,1.092,1.2180789775464,1.38187703571036,0.841051583488543,9.11808269804889,24.024,20.2723628935542,44.4796174076189
1.13414963398296,1.68962448455748,1.092,1.21613160549442,1.38934345339258,0.842048767584358,9.12030050850303,24.024,20.1459233515223,44.4085067773402
1.13456509150384,1.69601137638658,1.092,1.21418423344243,1.39683198782617,0.843045951680173,9.12251831895717,24.024,20.0194838094903,44.3373961470615
1.13498054902472,1.70239995359667,1.092,1.21223686139045,1.40434597215927,0.844043135775987,9.12473612941131,24.024,19.8930442674584,44.2662855167829
1.1353960065456,1.70879412754419,1.092,1.23748347737704,1.38086217616912,0.851694794871942,9.12695565955141,24.024,20.5670718671664,45.1881960337697
1.13581146406648,1.71519780958555,1.092,1.22202755082311,1.40356721780148,0.84843495813359,9.12917585324377,24.024,20.0699175208662,44.6238043050955
1.13622692158735,1.72161491107718,1.092,1.2153744809031,1.41653040945694,0.847144963835212,9.13139655589431,24.024,19.8370738204446,44.3808594631903
1.13664237910823,1.72804934337553,1.092,1.22645950497586,1.40897382780652,0.849824277660811,9.13361828411511,24.024,20.1368262163648,44.7856424360512
1.13705783662911,1.73450501783702,1.092,1.23754452904862,1.4015697836509,0.852503591486409,9.1358400123359,24.024,20.436578612285,45.190425408912
1.13747329414999,1.74098584581809,1.092,1.24862955312138,1.39431734693921,0.855182905312007,9.13806174055669,24.024,20.7363310082052,45.5952083817729
1.13788875167086,1.74749573867515,1.092,1.25971457719413,1.38721562035703,0.857862219137604,9.14028346877748,24.024,21.0360834041253,45.9999913546335
1.13830420919174,1.75403860776465,1.092,1.27026641486421,1.38084309499134,0.860511051254295,9.14250539033482,24.024,21.3171763393332,46.3853043853681
1.13871966671262,1.76061836444301,1.092,1.27284322658185,1.38321698043762,0.862703959479473,9.14473020368371,24.024,21.3191742288087,46.4793997613204
1.1391351242335,1.76723892006667,1.092,1.27542003829948,1.38561326229666,0.86489686770465,9.1469550170326,24.024,21.3211721182842,46.5734951372727
1.13955058175437,1.77390418599205,1.092,1.27799685001711,1.38803486563233,0.867089775929828,9.1491798303815,24.024,21.3231700077598,46.667590513225
1.13996603927525,1.78061807357559,1.092,1.28057366173475,1.39048469196489,0.869282684155006,9.15140464373039,24.024,21.3251678972353,46.7616858891774
1.14038149679613,1.78738449417371,1.092,1.28315047345238,1.39296561950732,0.871475592380183,9.15362945707928,24.024,21.3271657867109,46.8557812651297
1.14079695431701,1.79420735914286,1.092,1.28572728517002,1.39548050339898,0.873668500605361,9.15585427042817,24.024,21.3291636761864,46.949876641082
1.14121241183788,1.80109057983945,1.092,1.28830409688765,1.39803217593627,0.875861408830539,9.15807908377706,24.024,21.3311615656619,47.0439720170343
1.14162786935876,1.80803806761992,1.092,1.29088090860529,1.40062344680067,0.878054317055715,9.16030389712596,24.024,21.3331594551375,47.1380673929866
1.14204332687964,1.8150537338407,1.092,1.29345772032292,1.40325710328403,0.880247225280893,9.16252871047485,24.024,21.335157344613,47.232162768939
1.14245878440052,1.82214148985822,1.092,1.2955522403963,1.40645929437847,0.882574060647341,9.16475399204175,24.024,21.3153890721934,47.3086466860196
1.14287424192139,1.82930524702892,1.092,1.29445417992131,1.4131865580133,0.885787440890121,9.16698237302727,24.024,21.151537389028,47.2685496884372
1.14328969944227,1.83654891670921,1.092,1.29335611944632,1.41998703148784,0.889000821132899,9.16921075401279,24.024,20.9876857058627,47.2284526908548
1.14370515696315,1.84387641025554,1.092,1.29225805897133,1.42686392818731,0.892214201375679,9.17143913499831,24.024,20.8238340226973,47.1883556932724
1.14412061448403,1.85129163902434,1.092,1.29115999849635,1.43382047242813,0.895427581618459,9.17366751598384,24.024,20.6599823395319,47.14825869569
1.14453607200491,1.85879851437202,1.092,1.29006193802136,1.44085989950449,0.898640961861237,9.17589589696936,24.024,20.4961306563666,47.1081616981076
1.14495152952578,1.86640094765503,1.092,1.28896387754637,1.44798545573507,0.901854342104017,9.17812427795488,24.024,20.3322789732012,47.0680647005252
1.14536698704666,1.8741028502298,1.092,1.28786581707139,1.45520039851009,0.905067722346797,9.1803526589404,24.024,20.1684272900358,47.0279677029428
1.14578244456754,1.88190813345275,1.092,1.29334510380381,1.45507036592008,0.912604928429797,9.18258187145318,24.024,20.1152575486361,47.2280504414329
1.14619790208842,1.88982070868033,1.092,1.311758192216,1.4406776491998,0.928644575413638,9.1848127190946,24.024,20.2797345634718,47.9004264884414
1.14661335960929,1.89784448726895,1.092,1.33017128062819,1.42676699979019,0.944684222397479,9.18704356673601,24.024,20.4442115783075,48.5728025354499
1.14702881713017,1.90598338057505,1.092,1.34858436904036,1.41332157210996,0.960723869381311,9.18927441437742,24.024,20.6086885931431,49.2451785824581
1.14744427465105,1.91424129995506,1.092,1.36699745745255,1.40032542819963,0.976763516365152,9.19150526201884,24.024,20.7731656079789,49.9175546294666
1.14785973217193,1.92262215676541,1.092,1.31949019948512,1.457094685141,0.941157827956506,9.19373698446167,24.024,20.0713543382111,48.182770024011
1.1482751896928,1.93112986236253,1.092,1.30947238301375,1.47473890050131,0.931057929993662,9.19596967991214,24.024,19.975940549986,47.8169574189829
1.14869064721368,1.93976832810285,1.092,1.32806078377477,1.46060206867144,0.9414126494491,9.19820274023303,24.024,20.3140339743198,48.4957352070499
1.14910610473456,1.94854146534281,1.092,1.34664918453581,1.44695551574887,0.951767368904542,9.20043580055392,24.024,20.6521273986539,49.1745129951172
1.14952156225544,1.95745318543883,1.092,1.36523758529684,1.43378208051108,0.962122088359985,9.20266886087481,24.024,20.9902208229879,49.8532907831846
1.14993701977631,1.96650739974734,1.092,1.37337159219012,1.43188297393813,0.978880171498183,9.20490221913272,24.024,20.7536444217953,50.1503138180396
1.15035247729719,1.97570801962478,1.092,1.36468043928743,1.44774407454421,0.996228021810643,9.20713682841656,24.024,19.8830941221573,49.8329459272307
1.15076793481807,1.98505895642757,1.092,1.36444309247977,1.4548492109113,0.99873320260186,9.20937196425426,24.024,19.7666065450811,49.8242789233727
1.15118339233895,1.99456412151215,1.092,1.3642057456721,1.46206987314035,1.00123838339307,9.21160710009196,24.024,19.650118968005,49.8156119195146
1.15159884985982,2.00422742623495,1.092,1.36396839886444,1.4694089891698,1.00374356418429,9.21384223592966,24.024,19.5336313909288,49.8069449156565
1.1520143073807,2.01405278195239,1.092,1.36373105205677,1.47686948897644,1.00624874497551,9.21607737176735,24.024,19.4171438138526,49.7982779117984
1.15242976490158,2.02404410002091,1.092,1.36371385437445,1.48421466389617,0.97238369906562,9.21831371848883,24.024,20.4087939770209,49.7976499177648
1.15284522242246,2.03420529179695,1.092,1.36371394232307,1.49166568491021,0.935662941984851,9.22055016028628,24.024,21.4874527076556,49.7976531293146
1.15326067994334,2.04454026863692,1.092,1.33241548578038,1.53446150277926,1.00186648890069,9.22278730665834,24.024,18.3089187822078,48.6547523830328
1.15367613746421,2.05505294189727,1.092,1.34521267776825,1.52767883908638,0.993084569053868,9.22502578677298,24.024,19.0116080624676,49.1220572245125
1.15409159498509,2.06574722293441,1.092,1.35800986975611,1.52115773893853,0.984302649207053,9.22726426688762,24.024,19.7142973427271,49.5893620659921
1.15450705250597,2.07662702310479,1.092,1.37080706174397,1.51489373016714,0.975520729360233,9.22950274700225,24.024,20.4169866229869,50.0566669074719
1.15492251002685,2.08769625376483,1.092,1.38360425373184,1.50888250605903,0.966738809513414,9.23174122711689,24.024,21.1196759032468,50.5239717489517
1.15533796754772,2.09895882627096,1.092,1.3964014457197,1.50311991777491,0.957956889666599,9.23397970723153,24.024,21.8223651835062,50.9912765904312
1.1557534250686,2.11041865197963,1.092,1.40919863770757,1.49760196718099,0.949174969819779,9.23621818734617,24.024,22.5250544637661,51.458581431911
1.15616888258948,2.12207964224724,1.092,1.41723241553837,1.49734060481612,0.946117790227238,9.23845691808862,24.024,22.8793970898649,51.7519444821229
1.15658434011036,2.13394570843024,1.092,1.37542649737443,1.55147927752138,0.987560570506496,9.24069706257641,24.024,20.055579445286,50.2253511498481
1.15699979763123,2.14602076188506,1.092,1.36486745764722,1.57232905646707,1.01313082942067,9.24293840904259,24.024,18.8552125547242,49.839775127344
1.15741525515211,2.15830871396813,1.092,1.38795513395142,1.55502772472447,1.02036617201108,9.24518057486088,24.024,19.4421927415551,50.6828493678258
1.15783071267299,2.17081347603587,1.092,1.41104281025561,1.53844621882353,1.02760151460148,9.24742274067918,24.024,20.0291729283858,51.5259236083072
1.15824617019387,2.18353895944472,1.092,1.43413048655981,1.5225525012599,1.03483685719188,9.24966490649748,24.024,20.6161531152167,52.368997848789
1.15866162771474,2.19648907555112,1.092,1.45721816286401,1.50731656489523,1.04207219978229,9.25190707231578,24.024,21.2031333020477,53.2120720892708
1.15907708523562,2.20966773571148,1.092,1.48030583916821,1.49271027462345,1.04930754237269,9.25414923813408,24.024,21.7901134888787,54.0551463297527
1.1594925427565,2.22307885128224,1.092,1.5033935154724,1.47870722362648,1.05654288496309,9.25639140395237,24.024,22.3770936757093,54.898220570234
1.15990800027738,2.23672633361984,1.092,1.5264811917766,1.46528260267434,1.0637782275535,9.25863356977067,24.024,22.9640738625403,55.7412948107159
1.16032345779825,2.25065677983789,1.092,1.5495688680808,1.4524406279699,1.0710135701439,9.26087573558897,24.024,23.5510540493712,56.5843690511977
1.16073891531913,2.26540562167566,1.092,1.4960179938705,1.51429035677211,1.04544741329245,9.26311938585808,24.024,22.3512500059125,54.6288945371267
1.16115437284001,2.28112124298066,1.092,1.45030169001524,1.57285981164146,1.02329508953486,9.2653636295801,24.024,21.3314951000967,52.9595087729386
1.16156983036089,2.29778874249247,1.092,1.50347440896033,1.52831915781089,1.04638373335865,9.26760840318426,24.024,22.5257106233123,54.9011744931405
1.16198528788176,2.31539321895068,1.092,1.46302597191446,1.58260568397213,1.03313036357471,9.26985351694364,24.024,21.4245914543986,53.424151214929
1.16240074540264,2.33391977109489,1.092,1.49375014471753,1.56245659914981,1.0485635708948,9.27209949845917,24.024,22.0328973364838,54.5460813004468
1.16281620292352,2.35335349766467,1.092,1.5244743175206,1.54371475505875,1.06399677821489,9.27434547997471,24.024,22.6412032185689,55.6680113859645
1.1632316604444,2.3736794973996,1.092,1.55519849032365,1.52628716666618,1.07942998553498,9.27659146149024,24.024,23.2495091006537,56.7899414714817
1.16364711796528,2.39488286903929,1.092,1.5129404109414,1.58293271282848,1.10118010971066,9.27883774314031,24.024,20.9953121199689,55.2468369290409
1.16406257548615,2.41694871132332,1.092,1.36959082554102,1.76472320509927,1.14335754373792,9.28108475823875,24.024,14.4109245861739,50.0122545811927
1.16447803300703,2.43986212299126,1.092,1.58948858279295,1.5349982059664,1.2294559016232,9.28333232992448,24.024,19.7170012353103,58.0420853981248
1.16489349052791,2.46360820278269,1.092,1.80938634004476,1.36157112953652,1.31555425950844,9.28557990161021,24.024,25.0230778844439,66.0719162150525
1.16530894804879,2.48817204943723,1.092,1.65771718025045,1.5009629381179,1.26781473576996,9.28782814401724,24.024,20.9306846120588,60.5335346121002
1.16572440556966,2.51353876169445,1.092,1.54641678780804,1.62539541830586,1.10222883721911,9.29007657965225,24.024,22.0047689525495,56.4692670527599
1.16613986309054,2.53969343829392,1.092,1.46802486505882,1.73000709915916,1.10518304293932,9.29232547987855,24.024,19.013553431321,53.6066918043498
1.16655532061142,2.56662117797526,1.092,1.33431258242074,1.92355315522756,1.08522425677668,9.29457478156215,24.024,14.71996993757,48.7240271462495
1.1669707781323,2.59430707947803,1.092,1.25846936079041,2.06147814186642,1.10199357928271,9.29682453635605,24.024,11.3880155744935,45.9545207815029
1.16738623565317,2.6227362415418,1.092,1.4008985051993,1.87218148338925,1.14626443467414,9.29907467704548,24.024,15.1619515361113,51.1554921206217
1.16780169317405,2.65189376290621,1.092,1.54818918814176,1.7129003245974,1.19556224890738,9.3013249475315,24.024,18.9541532427209,56.5339883805149
1.16821715069493,2.68176474231081,1.092,1.7172300616615,1.56168052387581,1.26735033285245,9.30357579871863,24.024,22.8280746419397,62.7067189825591
1.16863260821581,2.71233427849517,1.092,1.79696224275189,1.50939970466017,1.2989330252905,9.30582702557574,24.024,24.704479720644,65.6182353746401
1.16904806573668,2.74358747019892,1.092,1.79940272759599,1.52472119116123,1.2957201919707,9.30807857755428,24.024,24.8521457427963,65.7073526110064
1.16946352325756,2.77550941616162,1.092,1.78022792511216,1.55907531671079,1.29335598930535,9.31033034824309,24.024,24.1838297694393,65.0071616594594
1.16987898077844,2.80808521512287,1.092,1.78747229623462,1.57098111172868,1.30056100151741,9.31258282940347,24.024,24.1771902980398,65.2716985752305
1.17029443829932,2.84129996582222,1.092,1.78545393242675,1.59135999771239,1.32858799846591,9.31483570400689,24.024,23.1731419716735,65.1979955956881
1.17070989582019,2.8751387669993,1.092,1.78343556861889,1.61213492519152,1.35661499541443,9.31708857861032,24.024,22.1690936453066,65.1242926161456
1.17112535334107,2.90958671739368,1.092,1.7849258559333,1.63008827942174,1.30280983042693,9.31934180446435,24.024,23.8854472943928,65.1787122480368
1.17154081086195,2.94462891574493,1.092,1.73843535941126,1.69383860021241,1.26938780020499,9.32159606519386,24.024,23.2068170095735,63.481055908416
1.17195626838283,2.98025046079267,1.092,1.6855033574885,1.76816643381442,1.24750246694668,9.32385041809376,24.024,21.9278600001255,61.5481802595099
1.17237172590371,3.01643645127647,1.092,1.63257135556573,1.84765979201637,1.22561713368837,9.32610477099365,24.024,20.6489029906775,59.6153046106037
1.17278718342458,3.05317198593589,1.092,1.58877466631824,1.92171492324407,1.20897015695333,9.32835924698748,24.024,19.5370384564265,58.0160158802681
1.17320264094546,3.09044216351056,1.092,1.60881984025184,1.92093737669645,1.22893128027362,9.33061458321967,24.024,19.5928947566223,58.7479894910691
1.17361809846634,3.12823208274005,1.092,1.8046596959288,1.73341937529671,1.27712625372294,9.33287024135667,24.024,25.1670388775837,65.8993171260153
1.17403355598722,3.16652684236394,1.092,1.75542413431893,1.803852858382,1.25834681562212,9.33512621049403,24.024,23.9262754814398,64.1014214364701
1.17444901350809,3.2053115411218,1.092,1.77489368288491,1.80591748792068,1.25525784133422,9.33738267165554,24.024,24.6946344658892,64.8123753953492
1.17486447102897,3.24457127775326,1.092,1.65493828828329,1.96053913352802,1.2460369059436,9.33963943135935,24.024,20.5658878323194,60.4320600330336
1.17527992854985,3.28429115099787,1.092,1.6721012996158,1.96416996491332,1.35090718360656,9.34189675535323,24.024,17.7892463371949,61.0587880134888
1.17569538607073,3.32445625959521,1.092,1.68926431094829,1.96799058504289,1.45577746126946,9.3441540793471,24.024,15.0126048420719,61.6855159939436
1.1761108435916,3.36505170228491,1.092,1.62661151444289,2.06874946624083,1.43885797384331,9.34641197682205,24.024,13.2218468526602,59.3976738511531
1.17652630111248,3.40606257780653,1.092,1.648919536692,2.06563298087889,1.45241108813635,9.34867013674341,24.024,13.5521312953816,60.2122780870458
1.17694175863336,3.44747398489963,1.092,1.64650881608977,2.09380839702207,1.46082772611535,9.35092895393617,24.024,13.1469522468288,60.1242477277339
1.17735721615424,3.48927102230385,1.092,1.56518884289437,2.22929714720649,1.42662989334882,9.35318790088186,24.024,11.2296658989877,57.1547511991793
1.17777267367511,3.53143878875875,1.092,1.55030894412714,2.27789357865507,1.42139479290788,9.35544716525951,24.024,10.8059439058541,56.6113938172438
1.17818813119599,3.57396238300388,1.092,1.62240008566778,2.20288596787939,1.45407233754138,9.3577068451603,24.024,12.3373197480798,59.2438884693272
1.17860358871687,3.6168269037789,1.092,1.72036220148615,2.10236361892541,1.50029305428539,9.35996688246952,24.024,14.3740002009515,62.8210928315752
1.17901904623775,3.66001744982335,1.092,1.7700786992927,2.06771453228935,1.51161162105613,9.36222736278237,24.024,15.7736524361582,64.6365504841951
1.17943450375862,3.7035191198768,1.092,1.68971358779731,2.1918028869642,1.50142813287573,9.36448813117215,24.024,13.1183805233939,61.7019218778993
1.1798499612795,3.74731701267888,1.092,1.67719897374275,2.23427099070813,1.51124401354358,9.36674931264135,24.024,12.2934418236887,61.2449357091763
1.18026541880038,3.79139622696916,1.092,1.79871706022882,2.10783358361367,1.55365533358904,9.36901087549957,24.024,15.3049477220346,65.6823146432532
1.18068087632126,3.83574186148722,1.092,1.62923621922887,2.35431904607591,1.44949333549278,9.371272863864,24.024,12.4436289830774,59.4935181000403
1.18109633384214,3.88033901497263,1.092,1.7842478094313,2.17477583240492,1.57147542373127,9.37353552127268,24.024,14.083853667537,65.1539525653321
1.18151179136301,3.92517278616501,1.092,1.93925939963383,2.02405763092146,1.69345751196983,9.37579817868136,24.024,15.7240783519975,70.814387030627
1.18192724888389,3.97022827380394,1.092,2.09427098983635,1.8957567063058,1.81543960020838,9.37806083609004,24.024,17.364303036458,76.4748214959219
1.18234270640477,4.01549057662897,1.092,2.15331249574867,1.86479695100309,1.82630090874608,9.38032418398921,24.024,19.1119284467728,78.630793023679
1.18275816392565,4.06094479337973,1.092,2.01589787867602,2.01445957969203,1.71412829347929,9.38258807900471,24.024,17.6961747032411,73.6129331752825
1.18317362144652,4.1065760227958,1.092,1.87848326160336,2.18611265095366,1.60195567821251,9.3848519740202,24.024,16.2804209597094,68.5950733268859
1.1835890789674,4.15236936361673,1.092,2.00361171418199,2.07244214746069,1.76408789516383,9.3871163510479,24.024,15.4922962416362,73.1642891167485
1.18400453648828,4.19830991458215,1.092,2.10235570975169,1.99695508001261,1.83178582764916,9.38938139752515,24.024,16.8242174959265,76.7700447575586
1.18441999400916,4.24438277443164,1.092,2.17041204045225,1.95556543887733,1.84930600748853,9.39164658214681,24.024,18.6742111387002,79.2552034439227
1.18483545153003,4.29057304190476,1.092,2.18118908055395,1.96707982822613,1.8506489996871,9.39391190153559,24.024,18.9635589210125,79.6487400120324
1.18525090905091,4.3368658157411,1.092,1.9016795113487,2.28054506022697,1.77000737058056,9.39617790391283,24.024,11.3436852303325,69.4421122570235
1.18566636657179,4.38324619468027,1.092,1.71742333511128,2.55222233509262,1.71873904520496,9.39844409895534,24.024,6.23777309458298,62.7137765947993
1.18608182409267,4.42969927746185,1.092,1.81519065291661,2.44034932107231,1.75443834892548,9.40071086443565,24.024,8.57512570269498,66.2838676735483
1.18649728161354,4.4762101628254,1.092,1.91295797072189,2.33994171922984,1.79013765264599,9.40297762991597,24.024,10.9124783108057,69.8539587522955
1.18691273913442,4.52276394951054,1.092,1.61344107063752,2.80317889002507,1.69429233269169,9.40524493708704,24.024,3.07443249351801,58.9167392710889
1.1873281966553,4.56934573625685,1.092,1.88867898237159,2.41933424309046,1.75218736165214,9.40751321624731,24.024,11.1559733103664,68.9673823210689
1.18774365417618,4.61594062180388,1.092,1.94721899329348,2.37052978514583,1.77250269267323,9.40978202107595,24.024,12.5610451104421,71.1050411566957
1.18815911169705,4.66253370489127,1.092,2.0057590042154,2.32457323890471,1.79281802369433,9.41205082590459,24.024,13.9661169105185,73.2426999923237
1.18857456921793,4.70911008425858,1.092,2.06429901513731,2.28121510000591,1.81313335471542,9.41431963073324,24.024,15.371188710595,75.3803588279516
1.18899002673881,4.75565485864537,1.092,2.1228390260592,2.24023338570032,1.83344868573651,9.41658843556188,24.024,16.7762605106707,77.5180176635784
1.18940548425969,4.80215763420393,1.092,2.18137903698112,2.20143200828124,1.8537640167576,9.41885724039053,24.024,18.1813323107471,79.6556764992064
1.18982094178057,4.84924510906046,1.092,2.05359256788892,2.36134722382904,1.71354594985143,9.42112631381911,24.024,18.1111280071172,74.9894000426989
1.19023639930144,4.89735128627859,1.092,2.8099781459927,1.74284319373184,3.22515604571457,9.42339650340042,24.024,-4.5567249479129,102.609728237235
1.19065185682232,4.94645138438889,1.092,3.00198173340924,1.64772867514134,4.04209101537671,9.42566715873759,24.024,-24.8238107719305,109.620969927311
1.1910673143432,4.99652062192187,1.092,2.28701126379466,2.18473809072174,2.40684773236143,9.42793795937222,24.024,3.37606374286701,83.5129641802117
1.19148277186408,5.04753421740804,1.092,3.00715505717542,1.67850813191825,3.4684451010603,9.43020931391698,24.024,-5.80441469547359,109.809880060469
1.19189822938495,5.09946738937796,1.092,3.09371762176093,1.64832994243197,3.54366277011651,9.43248089643582,24.024,-5.23943384676288,112.970816112696
1.19231368690583,5.15229535636216,1.092,2.42522176659323,2.12446359641565,2.41151269756417,9.43475281130772,24.024,8.02846563678121,88.5598867521601
1.19272914442671,5.20599333689114,1.092,2.39201174570331,2.17640793204402,2.67965307966514,9.4370251365315,24.024,-2.24289277328687,87.3471829369626
1.19314460194759,5.26053654949542,1.092,2.04766100653795,2.56904660131688,1.81266937084533,9.43929781318899,24.024,14.1158228598791,74.7728019530968
1.19356005946846,5.31590021270557,1.092,2.51237563068584,2.11588591601424,2.80338209476963,9.441570830687,24.024,-2.16319439584085,91.742414816345
1.19397551698934,5.3720595450521,1.092,2.51032378609527,2.13998671199629,2.78493167147526,9.44384421171256,24.024,-1.71260276194453,91.6674892457942
1.19439097451022,5.4289897650655,1.092,2.60561964305244,2.08356955687728,2.92339698796587,9.4461179534425,24.024,-2.97095418832683,95.1473319621706
1.1948064320311,5.48666609127637,1.092,2.80103362224324,1.95880051124924,3.46995880852837,9.44839203245869,24.024,-14.3004164576011,102.283108205527
1.19522188955197,5.5450637422152,1.092,2.06507549878083,2.68516271946902,2.22672499781058,9.45066647413704,24.024,0.521431764223068,75.408713061153
1.19563734707285,5.60415793641248,1.092,1.99257959527854,2.81251396415563,1.7863683461112,9.45294127141269,24.024,12.623454896821,72.7614380397115
1.19605280459373,5.66392389239881,1.092,2.79595047031681,2.02575973806755,2.80253047958653,9.45521640525428,24.024,7.65536755001072,102.09749080544
1.19646826211461,5.72433682870468,1.092,2.97887883754301,1.92164137613134,3.9576969236337,9.45749189079825,24.024,-24.7276407801342,108.777339926235
1.19688371963548,5.78537196386063,1.092,2.68490788831537,2.1547748394045,3.24659817223699,9.45976773447103,24.024,-11.5803222803015,98.0426375041155
1.19729917715636,5.84700451639714,1.092,3.01340752015447,1.94032983500931,3.80799375482823,9.46204392204756,24.024,-18.6746635580467,110.038196258589
1.19771463467724,5.90920970484482,1.092,2.9265519065558,2.0191713297849,3.74291782970599,9.46432047052066,24.024,-19.7734345526522,106.866559169544
1.19813009219812,5.97196274773415,1.092,2.54244195539438,2.34890819633591,3.0059285637621,9.46659735113554,24.024,-8.96296057181788,92.8403227882753
1.19854554971899,6.03523886359563,1.092,2.62915348487131,2.29550648082115,3.08564675889015,9.46887458774093,24.024,-8.60226272696084,96.0066984724963
1.19896100723987,6.09901327095985,1.092,2.58678030099268,2.35776237688966,2.92945233780681,9.47115218088377,24.024,-4.96254813848811,94.4593907510701
1.19937646476075,6.16326118835732,1.092,2.72801715058572,2.25924576281862,3.31359536410593,9.47343010955705,24.024,-12.9480646693116,99.6168240124257
1.19979192228163,6.22795783431852,1.092,3.19220099940398,1.950991756309,3.89622412232319,9.47570838787403,24.024,-15.9199740015799,116.567054976777
1.20020737980251,6.29307842737405,1.092,2.31230028328384,2.72156625714583,2.49965661967537,9.47798701794847,24.024,-0.64416587597969,84.436423112044
1.20062283732338,6.3585981860544,1.092,3.02298666350066,2.10341589092261,3.40708711486595,9.48026599283344,24.024,-5.69964799587853,110.387990187378
1.20103829484426,6.42449232889007,1.092,3.11942904628702,2.05950904270029,3.79398633660716,9.4825453187667,24.024,-15.487801930015,113.909699671978
1.20145375236514,6.49073607441166,1.092,3.04045604559147,2.13479030023241,3.66691873373797,9.48482498909554,24.024,-14.1621130703675,111.025905664182
1.20186920988602,6.55730464114965,1.092,2.66939445235747,2.45647646242712,2.97432572432697,9.4871049986286,24.024,-4.16405968519302,97.4761457504568
1.20228466740689,6.62417324763454,1.092,1.89681843930773,3.49225477270883,1.97846603537676,9.48938536069193,24.024,1.58581965106324,69.2646043707873
1.20270012492777,6.69131711239693,1.092,2.06211860495994,3.24487500200161,2.29948920704733,9.49166606308828,24.024,-3.43766745318734,75.3007385305249
1.20311558244865,6.75871145396732,1.092,2.60260514604643,2.59690236309351,2.96454437612657,9.49394711045134,24.024,-6.57638986159431,95.0372539820271
1.20353103996953,6.82633149087622,1.092,3.22089618813155,2.11938885706099,3.87841890423581,9.49622850517828,24.024,-15.4506605113339,117.614894270919
1.2039464974904,6.89415244165413,1.092,2.40229391720434,2.86982054622075,2.50969043523398,9.49851024356844,24.024,1.5297435135674,87.7226487835257
1.20436195501128,6.96214952483166,1.092,2.66776635777428,2.60972986054153,2.87989872563747,9.50079232229077,24.024,-1.58585433316115,97.4166939205685
1.20477741253216,7.03029795893929,1.092,2.28673116235535,3.07438761262082,2.29184061358475,9.50307474467469,24.024,4.63592964605689,83.5027359396085
1.20519287005304,7.09857296250751,1.092,2.82564595655837,2.51219475887685,3.51301746955087,9.50535754253647,24.024,-17.8336451402332,103.18185716518
1.20560832757391,7.16694975406693,1.092,2.34103380871565,3.06144649743393,2.45779142895535,9.50764062309597,24.024,0.740748490607502,85.4856623170037
1.20602378509479,7.23540355214804,1.092,2.45758250029918,2.94411420624424,2.57013501248923,9.50992423246538,24.024,1.02129660448308,89.7415778254023
1.20643924261567,7.30390957528133,1.092,2.67983475976287,2.72550743984216,3.01891206328415,9.51220808879396,24.024,-6.46066841395033,97.8573861195713
1.20685470013655,7.3724430419974,1.092,2.46377299041805,2.99233860857711,2.75677475092166,9.5144920034038,24.024,-5.36793336169728,89.9676310100715
1.20727015765742,7.44097917082673,1.092,2.61951048037683,2.84059912207578,2.79930455118387,9.51677654950724,24.024,-1.25188307951354,95.654572577147
1.2076856151783,7.50949318029987,1.092,2.98091562948978,2.51919011259812,3.08315283222896,9.51906131162349,24.024,2.01792613584828,108.851715831411
1.20810107269918,7.5779602889473,1.092,2.68853126887621,2.81862456898813,3.2026077834991,9.52134646517905,24.024,-12.9073773685986,98.1749495988476
1.20851653022006,7.64635571529962,1.092,2.88085237781271,2.65419907461732,3.32694107202757,9.52363197527992,24.024,-10.3086926936349,105.197785968732
1.20893198774094,7.71465467788732,1.092,2.58547213989184,2.98384753749852,2.9935441825253,9.52591797218635,24.024,-9.61894384369989,94.4116216766955
1.20934744526181,7.7828323952409,1.092,2.53302193811055,3.07254835741625,2.85968224630724,9.52820460878588,24.024,-6.96754718009969,92.4963395388463
1.20976290278269,7.85086408589095,1.092,2.48057173632923,3.16494136045778,2.7258203100891,9.5304912453854,24.024,-4.31615051649807,90.581057400996
1.21017836030357,7.91872496836797,1.092,2.42812153454791,3.26125560673072,2.59195837387096,9.53277788198493,24.024,-1.66475385289644,88.6657752631458
1.21059381782445,7.98639026120245,1.092,2.40192838178756,3.32499100379456,2.50169551641957,9.53506453291384,24.024,0.42439112200483,87.7093008185849
1.21100927534532,8.05383518292499,1.092,2.85724175987267,2.81874474048143,3.15499451585817,9.5373520848108,24.024,-5.85026529275481,104.335615886095
1.2114247328662,8.12103495206608,1.092,2.96251037596783,2.74126801983368,3.11213879900392,9.53964043653645,24.024,-0.618778681964097,108.179625884834
1.21184019038708,8.18796478715621,1.092,2.93749836885852,2.78739381575826,3.13037200283798,9.54192917345952,24.024,-2.27891879666254,107.266282392887
1.21225564790796,8.25459990672599,1.092,2.9124863617492,2.83421066451566,3.14860520667204,9.5442179103826,24.024,-3.93905891136188,106.35293890094
1.21267110542883,8.3209155293059,1.092,2.88747435463988,2.8817279419071,3.1668384105061,9.54650664730568,24.024,-5.59919902606121,105.439595408993
1.21308656294971,8.38688687342644,1.092,2.86246234753057,2.92995535143432,3.18507161434016,9.54879538422876,24.024,-7.25933914075965,104.526251917047
1.21350202047059,8.4524891576182,1.092,2.58580540862356,3.26880326316493,2.80724701193575,9.55108433832929,24.024,-4.19283816989998,94.423791384862
1.21391747799147,8.51769760041168,1.092,2.50739347534131,3.3970326891962,2.61229764809337,9.5533742564631,24.024,-0.305010921750831,91.5604854277954
1.21433293551234,8.58248742033742,1.092,2.82202378687312,3.04125268548748,3.06397036654004,9.55566444550268,24.024,-4.79897611853167,103.049589287025
1.21474839303322,8.64683383592589,1.092,2.63978630927635,3.27558098378662,2.95327906415546,9.55795514148592,24.024,-7.65758195770806,96.3949688311648
1.2151638505541,8.71071206570769,1.092,2.52745853818913,3.44643124074698,2.89537994861473,9.56024589935862,24.024,-9.82056216305616,92.2931853061962
1.21557930807498,8.77409732821333,1.092,2.72519106665075,3.21962648255583,3.02283468565387,9.56253726979995,24.024,-7.20347217614233,99.5136261619527
1.21599476559585,8.83696484197329,1.092,2.92229990237515,3.02397602477107,3.15010920984966,9.56482868567528,24.024,-4.60322919949256,106.711292128032
1.21641022311673,8.89928982551818,1.092,2.97324716389669,2.99312143759179,3.18146501192559,9.56712062408317,24.024,-3.96020936722482,108.571692596488
1.21682568063761,8.96104749737848,1.092,2.99889409223894,2.98811735985257,3.16991211188678,9.56941281503771,24.024,-2.72433266544944,109.508221000124
1.21724113815849,9.02221307608472,1.092,2.96648751092074,3.04137908650234,3.12523883067544,9.57170581631286,24.024,-2.42933294428358,108.324855746234
1.21765659567937,9.0827617801674,1.092,2.92950119969144,3.10044651325764,3.0779527461864,9.57399888151264,24.024,-2.20855720158165,106.974256152017
1.21807205320024,9.14266882815711,1.092,2.89251488846212,3.16080268579639,3.03066666169734,9.57629194671242,24.024,-1.98778145887959,105.623656557799
1.21848751072112,9.20190943858434,1.092,2.84738695215531,3.23170316967949,2.98268266381149,9.57858503980075,24.024,-2.03919975212609,103.975755741577
1.218902968242,9.2604588299796,1.092,2.55988164654208,3.61753397563859,2.91392168203027,9.58087896313537,24.024,-10.1938743051825,93.4771540646177
1.21931842576288,9.31829222087348,1.092,2.54746258901603,3.65787205710162,2.90646331300658,9.5831737730939,24.024,-10.4847109001532,93.0236572573463
1.21973388328375,9.37538482979646,1.092,2.62471347569228,3.57196506080484,2.91898777447205,9.58546887206548,24.024,-8.21216995146011,95.8445662025776
1.22014934080463,9.43171187527905,1.092,2.70196436236849,3.49068700040566,2.93151223593751,9.58776397103706,24.024,-5.9396290027682,98.6654751478074
1.22056479832551,9.48724857585184,1.092,2.77921524904474,3.413642962384,2.94403669740297,9.59005907000865,24.024,-3.66708805407508,101.486384093039
1.22098025584639,9.54197015004533,1.092,2.85646613572098,3.34048075372575,2.95656115886844,9.59235416898023,24.024,-1.39454710538195,104.30729303827
1.22139571336726,9.59585181639,1.092,2.93371702239719,3.27088527732271,2.9690856203339,9.59464926795181,24.024,0.877993843309955,107.1282019835
1.22181117088814,9.64886879341646,1.092,2.74145692129423,3.51961350129888,2.93700668737303,9.59694553120578,24.024,-5.09504693853133,100.107593387959
1.22222662840902,9.70099629965519,1.092,2.5422899089677,3.81584974452984,2.90351237288036,9.59924195159236,24.024,-11.2696945787046,92.8347706303189
1.2226420859299,9.75220955363671,1.092,2.5735502041687,3.78939938216082,2.9044080734736,9.6015391272788,24.024,-10.2610008100847,93.9762778693571
1.22305754345077,9.80248377389158,1.092,2.60481049936971,3.7632233808423,2.90530377406683,9.60383630296525,24.024,-9.2523070414642,95.1177851083959
1.22347300097165,9.85179417895032,1.092,2.63607079457072,3.73730257899037,2.90619947466007,9.6061334786517,24.024,-8.24361327284374,96.2592923474347
1.22388845849253,9.90011598734345,1.092,2.80174654915113,3.5335515949303,2.93631464274399,9.60843145250798,24.024,-3.37942375315554,102.309141588162
1.22430391601341,9.94742441760147,1.092,2.93758893556864,3.38625472650615,2.95923535665386,9.61072949583777,24.024,0.654458632293335,107.269589545125
1.22471937353428,9.99369468825496,1.092,2.82842122495086,3.53331201169607,2.9234676236285,9.61302797172021,24.024,-2.14487770079353,103.283199425064
1.22513483105516,10.0389020178344,1.092,2.85896655156216,3.51137442036498,2.93046438627553,9.61532711349076,24.024,-1.38409179951361,104.398598727003
1.22555028857604,10.0830216248704,1.092,2.89065469018815,3.48814462657734,2.93781095006084,9.61762626070808,24.024,-0.594185133673101,105.555729182766
1.22596574609692,10.1260287278934,1.092,2.92234282881416,3.46503792369985,2.94515751384615,9.61992540792541,24.024,0.195721532167832,106.712859638529
