lambda_theta,sigma_theta_kPa,lambda_z,sigma_z_kPa,pressure_kPa,od_mm,length_mm,F_transducer_mN,F_vessel_mN
0.331469849246231,0,1.748,38.1037941264428,0.02239776,5.277,78.66,833.35931035,833.35931035
0.331469849246231,0,1.748,38.1037941264428,0.02239776,5.277,78.66,833.35931035,833.35931035
0.332537688442211,0,1.748,37.859470569531,0.03293004,5.294,78.66,833.35931035,833.35931035
0.332537688442211,0,1.748,38.0701994505414,0.03293004,5.294,78.66,837.9978558,837.9978558
0.336369346733668,0,1.748,37.2078071632255,0.07692564,5.355,78.66,837.9978558,837.9978558
0.336369346733668,0,1.748,36.5089524787597,0.07692564,5.355,78.66,822.25818255,822.25818255
0.336369346733668,0,1.748,36.5089524787597,0.06119388,5.355,78.66,822.25818255,822.25818255
0.338442211055276,0,1.748,35.7405280820329,0.06119388,5.388,78.66,814.90319505,814.90319505
0.338442211055276,0,1.748,35.7405280820329,0.09385728,5.388,78.66,814.90319505,814.90319505
0.338442211055276,0,1.748,36.0562259725971,0.09385728,5.388,78.66,822.10127615,822.10127615
0.337248743718593,0,1.748,36.3118715173839,0.01119888,5.369,78.66,822.10127615,822.10127615
0.337248743718593,0,1.748,36.8667439084298,0.01119888,5.369,78.66,834.6635948,834.6635948
0.336683417085427,0,1.748,36.9906540797702,0.04559544,5.36,78.66,834.6635948,834.6635948
0.336683417085427,0,1.748,36.0445048419229,0.04559544,5.36,78.66,813.31451775,813.31451775
0.336683417085427,0,1.748,36.0445048419229,0.109989,5.36,78.66,813.31451775,813.31451775
0.333354271356784,0,1.748,37.0251736790037,0.109989,5.307,78.66,819.00237475,819.00237475
0.333354271356784,0,1.748,37.0251736790037,0.08345832,5.307,78.66,819.00237475,819.00237475
0.333417085427136,0,1.748,37.7597360254038,0.08345832,5.308,78.66,835.5658066,835.5658066
0.333417085427136,0,1.748,37.7597360254038,0.10425624,5.308,78.66,835.5658066,835.5658066
0.333417085427136,0,1.748,37.31080624988,0.10425624,5.308,78.66,825.63167015,825.63167015
0.333731155778894,0,1.748,37.2406137976387,0.09305736,5.313,78.66,825.63167015,825.63167015
0.333731155778894,0,1.748,36.7991636121077,0.09305736,5.313,78.66,815.84463345,815.84463345
0.337185929648241,0,1.748,36.0489455115602,0.07759224,5.368,78.66,815.84463345,815.84463345
0.337185929648241,0,1.748,36.2110060890285,0.07759224,5.368,78.66,819.51232055,819.51232055
0.337185929648241,0,1.748,36.2110060890285,0.14705196,5.368,78.66,819.51232055,819.51232055
0.334422110552764,0,1.748,37.3613229908861,0.14705196,5.324,78.66,831.7412131,831.7412131
0.334422110552764,0,1.748,37.3613229908861,0.1386528,5.324,78.66,831.7412131,831.7412131
0.334736180904523,0,1.748,37.381821068026,0.1386528,5.329,78.66,833.761383,833.761383
0.334736180904523,0,1.748,37.381821068026,0.1673166,5.329,78.66,833.761383,833.761383
0.334736180904523,0,1.748,37.1250463855545,0.1673166,5.329,78.66,828.0342994,828.0342994
0.340452261306533,0,1.748,35.8888772754032,0.15891744,5.42,78.66,828.0342994,828.0342994
0.340452261306533,0,1.748,35.07832148209,0.15891744,5.42,78.66,809.33301785,809.33301785
0.335929648241206,0,1.748,36.0291967466175,0.14638536,5.348,78.66,809.33301785,809.33301785
0.335929648241206,0,1.748,36.842952186956,0.14638536,5.348,78.66,827.61261345,827.61261345
0.335929648241206,0,1.748,36.842952186956,0.14318568,5.348,78.66,827.61261345,827.61261345
0.336683417085427,0,1.748,36.6733876839831,0.14318568,5.36,78.66,827.5047403,827.5047403
0.336683417085427,0,1.748,36.6733876839831,0.2513082,5.36,78.66,827.5047403,827.5047403
0.33963567839196,0,1.748,35.9762415904254,0.2513082,5.407,78.66,826.0729694,826.0729694
0.33963567839196,0,1.748,35.9762415904254,0.20624604,5.407,78.66,826.0729694,826.0729694
0.33963567839196,0,1.748,35.6247476112607,0.20624604,5.407,78.66,818.00209645,818.00209645
0.336180904522613,0,1.748,36.3607075654354,0.19824684,5.352,78.66,818.00209645,818.00209645
0.336180904522613,0,1.748,36.450505387819,0.19824684,5.352,78.66,820.02226635,820.02226635
0.338316582914573,0,1.748,35.9917584559,0.20504616,5.386,78.66,820.02226635,820.02226635
0.338316582914573,0,1.748,36.6064062162778,0.20504616,5.386,78.66,834.02616255,834.02616255
0.338316582914573,0,1.748,36.6064062162778,0.20504616,5.386,78.66,834.02616255,834.02616255
0.34001256281407,0,1.748,36.2421320726699,0.2259774,5.413,78.66,834.02616255,834.02616255
0.34001256281407,0,1.748,36.1841767072615,0.2259774,5.413,78.66,832.69245815,832.69245815
0.339070351758794,0,1.748,36.385553797638,0.24584208,5.398,78.66,832.69245815,832.69245815
0.339070351758794,0,1.748,35.8486257328591,0.24584208,5.398,78.66,820.4047257,820.4047257
0.339070351758794,0,1.748,35.8486257328591,0.21557844,5.398,78.66,820.4047257,820.4047257
0.347298994974874,0,1.748,34.3693319230727,0.21557844,5.529,78.66,825.1903709,825.1903709
0.347298994974874,0,1.748,34.3693319230727,0.23051028,5.529,78.66,825.1903709,825.1903709
0.339321608040201,0,1.748,35.8794203878167,0.23051028,5.402,78.66,822.3268291,822.3268291
0.339321608040201,0,1.748,35.8794203878167,0.27770556,5.402,78.66,822.3268291,822.3268291
0.339321608040201,0,1.748,35.716398240182,0.27770556,5.402,78.66,818.59049545,818.59049545
0.340201005025126,0,1.748,35.5319878621337,0.29957004,5.416,78.66,818.59049545,818.59049545
0.340201005025126,0,1.748,35.3932193017243,0.29957004,5.416,78.66,815.39352755,815.39352755
0.340954773869347,0,1.748,35.2369005263572,0.30276972,5.428,78.66,815.39352755,815.39352755
0.340954773869347,0,1.748,35.0885738857782,0.30276972,5.428,78.66,811.96120005,811.96120005
0.340954773869347,0,1.748,35.0885738857782,0.31690164,5.428,78.66,811.96120005,811.96120005
0.340829145728643,0,1.748,35.5024997740004,0.31690164,5.426,78.66,820.9342848,820.9342848
0.340829145728643,0,1.748,35.5024997740004,0.26170716,5.426,78.66,820.9342848,820.9342848
0.342085427135678,0,1.748,34.8102789352027,0.26170716,5.446,78.66,810.8726619,810.8726619
0.342085427135678,0,1.748,34.8102789352027,0.32556744,5.446,78.66,810.8726619,810.8726619
0.342085427135678,0,1.748,34.8864787814556,0.32556744,5.446,78.66,812.64766555,812.64766555
0.343090452261306,0,1.748,34.6823901295129,0.30810252,5.462,78.66,812.64766555,812.64766555
0.343090452261306,0,1.748,35.1402628026118,0.30810252,5.462,78.66,823.37614065,823.37614065
0.356595477386935,0,1.748,32.5289921940105,0.30956904,5.677,78.66,823.37614065,823.37614065
0.356595477386935,0,1.748,33.0202531616265,0.30956904,5.677,78.66,835.81097285,835.81097285
0.356595477386935,0,1.748,33.0202531616265,0.32370096,5.677,78.66,835.81097285,835.81097285
0.357035175879397,0,1.748,32.6437048195342,0.32370096,5.684,78.66,828.31869225,828.31869225
0.357035175879397,0,1.748,32.6437048195342,0.33823284,5.684,78.66,828.31869225,828.31869225
0.352010050251256,0,1.748,33.0201777713949,0.33823284,5.604,78.66,814.45208915,814.45208915
0.352010050251256,0,1.748,33.0201777713949,0.33356664,5.604,78.66,814.45208915,814.45208915
0.352010050251256,0,1.748,33.5680556412458,0.33356664,5.604,78.66,827.96565285,827.96565285
0.356658291457286,0,1.748,32.6987885765594,0.34449888,5.678,78.66,827.96565285,827.96565285
0.356658291457286,0,1.748,32.3602942059532,0.34449888,5.678,78.66,819.39464075,819.39464075
0.357600502512563,0,1.748,32.1899921024045,0.4379562,5.693,78.66,819.39464075,819.39464075
0.357600502512563,0,1.748,32.5213115112737,0.4379562,5.693,78.66,827.82835975,827.82835975
0.357600502512563,0,1.748,32.5213115112737,0.37782888,5.693,78.66,827.82835975,827.82835975
0.359736180904523,0,1.748,31.819575608261,0.37782888,5.727,78.66,819.66922695,819.66922695
0.359736180904523,0,1.748,31.819575608261,0.40675932,5.727,78.66,819.66922695,819.66922695
0.359798994974874,0,1.748,31.3053641744738,0.40675932,5.728,78.66,806.70483565,806.70483565
0.359798994974874,0,1.748,31.3053641744738,0.44315568,5.728,78.66,806.70483565,806.70483565
0.359798994974874,0,1.748,30.8905522107222,0.44315568,5.728,78.66,796.01558715,796.01558715
0.361809045226131,0,1.748,30.5482772649305,0.45008832,5.76,78.66,796.01558715,796.01558715
0.361809045226131,0,1.748,31.3581711023125,0.45008832,5.76,78.66,817.11949795,817.11949795
0.364258793969849,0,1.748,30.9378033634154,0.54887844,5.799,78.66,817.11949795,817.11949795
0.364258793969849,0,1.748,30.4569702758451,0.54887844,5.799,78.66,804.4198862,804.4198862
0.364258793969849,0,1.748,30.4569702758451,0.44288904,5.799,78.66,804.4198862,804.4198862
0.367085427135678,0,1.748,30.1279244498227,0.44288904,5.844,78.66,808.1267999,808.1267999
0.367085427135678,0,1.748,30.1279244498227,0.47501916,5.844,78.66,808.1267999,808.1267999
0.369786432160804,0,1.748,29.4898129688569,0.47501916,5.887,78.66,802.6939158,802.6939158
0.369786432160804,0,1.748,29.4898129688569,0.49995,5.887,78.66,802.6939158,802.6939158
0.369786432160804,0,1.748,29.9931271055608,0.49995,5.887,78.66,816.39380585,816.39380585
0.373618090452261,0,1.748,29.3810897562856,0.48368496,5.948,78.66,816.39380585,816.39380585
0.373618090452261,0,1.748,29.4456759906596,0.48368496,5.948,78.66,818.1884228,818.1884228
0.371231155778894,0,1.748,29.8255517750308,0.49021764,5.91,78.66,818.1884228,818.1884228
0.371231155778894,0,1.748,29.904198114451,0.49021764,5.91,78.66,820.3458858,820.3458858
0.371231155778894,0,1.748,29.904198114451,0.49021764,5.91,78.66,820.3458858,820.3458858
0.371168341708543,0,1.748,29.9143205475221,0.50941572,5.909,78.66,820.3458858,820.3458858
0.371168341708543,0,1.748,29.7308695070105,0.50941572,5.909,78.66,815.31507435,815.31507435
0.376633165829146,0,1.748,28.8743583692528,0.62673732,5.996,78.66,815.31507435,815.31507435
0.376633165829146,0,1.748,28.9333997448138,0.62673732,5.996,78.66,816.98220485,816.98220485
0.376633165829146,0,1.748,28.9333997448138,0.50848248,5.996,78.66,816.98220485,816.98220485
0.380653266331658,0,1.748,28.3693530111683,0.50848248,6.06,78.66,818.2472627,818.2472627
0.380653266331658,0,1.748,28.3693530111683,0.54981168,6.06,78.66,818.2472627,818.2472627
0.388190954773869,0,1.748,27.4735036904207,0.54981168,6.18,78.66,824.10183275,824.10183275
0.388190954773869,0,1.748,27.4735036904207,0.57114288,6.18,78.66,824.10183275,824.10183275
0.388190954773869,0,1.748,27.2070563112609,0.57114288,6.18,78.66,816.109413,816.109413
0.38605527638191,0,1.748,27.5089107205256,0.53807952,6.146,78.66,816.109413,816.109413
0.38605527638191,0,1.748,27.2034765279545,0.53807952,6.146,78.66,807.0480684,807.0480684
0.391143216080402,0,1.748,26.5003609670679,0.569943,6.227,78.66,807.0480684,807.0480684
0.391143216080402,0,1.748,26.3847583911568,0.569943,6.227,78.66,803.52748105,803.52748105
0.391143216080402,0,1.748,26.3847583911568,0.54914508,6.227,78.66,803.52748105,803.52748105
0.393844221105528,0,1.748,26.2216572581496,0.54914508,6.27,78.66,809.62721735,809.62721735
0.393844221105528,0,1.748,26.2216572581496,0.55247808,6.27,78.66,809.62721735,809.62721735
0.396859296482412,0,1.748,25.2523106860101,0.55247808,6.318,78.66,791.68104785,791.68104785
0.396859296482412,0,1.748,25.2523106860101,0.61487184,6.318,78.66,791.68104785,791.68104785
0.396859296482412,0,1.748,25.7224542894373,0.61487184,6.318,78.66,806.4204428,806.4204428
0.400753768844221,0,1.748,25.2249485916953,0.60100656,6.38,78.66,806.4204428,806.4204428
0.400753768844221,0,1.748,25.6286361141521,0.60100656,6.38,78.66,819.3259942,819.3259942
0.407663316582915,0,1.748,24.7672312232139,0.59114088,6.49,78.66,819.3259942,819.3259942
0.407663316582915,0,1.748,24.4295824899918,0.59114088,6.49,78.66,808.15621985,808.15621985
0.407663316582915,0,1.748,24.4295824899918,0.64646868,6.49,78.66,808.15621985,808.15621985
0.410866834170854,0,1.748,24.1149021789778,0.64646868,6.541,78.66,810.33329615,810.33329615
0.410866834170854,0,1.748,24.1149021789778,0.59167416,6.541,78.66,810.33329615,810.33329615
0.42179648241206,0,1.748,22.7257330994897,0.59167416,6.715,78.66,804.82195885,804.82195885
0.42179648241206,0,1.748,22.7257330994897,0.62953704,6.715,78.66,804.82195885,804.82195885
0.42179648241206,0,1.748,22.7996680900167,0.62953704,6.715,78.66,807.4403344,807.4403344
0.431030150753769,0,1.748,21.833287385215,0.67379928,6.862,78.66,807.4403344,807.4403344
0.431030150753769,0,1.748,21.7791920851448,0.67379928,6.862,78.66,805.4397778,805.4397778
0.528398558536986,0.154335039299101,1.748,21.6795263622262,0.6246042,7.021,78.66,805.4397778,806.389102186227
0.528398558536986,0.154335039299101,1.748,21.4356512129627,0.6246042,7.021,78.66,796.36862655,797.317950936227
0.528398558536986,0.165469562945439,1.748,21.4374925228369,0.66966636,7.021,78.66,796.36862655,797.386440080847
0.539695153172928,0.187090103039266,1.748,21.4998185363554,0.66966636,7.052,78.66,798.457443,799.704711118886
0.539695153172928,0.183663407940797,1.748,21.4992043649245,0.65740092,7.052,78.66,798.457443,799.68186647088
0.579913160055158,0.262871238508488,1.748,21.7640840600916,0.65740092,7.181,78.66,807.3618812,809.534300329641
0.579913160055158,0.275132521180756,1.748,21.7668082764206,0.68806452,7.181,78.66,807.3618812,809.635629958483
0.579913160055158,0.275132521180756,1.748,21.5282061033574,0.68806452,7.181,78.66,798.48686295,800.760611708483
0.584393670721499,0.31359141509773,1.748,21.5380817093129,0.75779088,7.197,78.66,798.48686295,801.127943581279
0.584393670721499,0.31359141509773,1.748,21.7479461620845,0.75779088,7.197,78.66,806.29295635,808.934036981279
0.624792168155677,0.365309033956664,1.748,21.7721624770577,0.67086624,7.354,78.66,806.29295635,809.83478417304
0.624792168155677,0.365309033956664,1.748,22.0010096441504,0.67086624,7.354,78.66,814.80512855,818.34695637304
0.624792168155677,0.377723152558928,1.748,22.0042454917788,0.69366396,7.354,78.66,814.80512855,818.467316579269
0.658621075427612,0.4583082563058,1.748,22.2587491880507,0.69366396,7.501,78.66,823.08194115,827.933806008547
0.658621075427612,0.472225747079645,1.748,22.262710299818,0.71472852,7.501,78.66,823.08194115,828.081143054031
0.681437076200969,0.530698754649365,1.748,21.970763836421,0.71472852,7.607,78.66,811.3237678,817.221936880812
0.681437076200969,0.543666771224457,1.748,21.9746386235324,0.73219344,7.607,78.66,811.3237678,817.366063004592
0.681437076200969,0.543666771224457,1.748,21.785075129132,0.73219344,7.607,78.66,804.27278645,810.315081654592
0.708491018245478,0.617113518994577,1.748,21.8163222759057,0.7319268,7.739,78.66,804.27278645,811.477346835654
0.708491018245478,0.617113518994577,1.748,21.7372276329013,0.7319268,7.739,78.66,801.33079145,808.535351835654
0.736670316977864,0.70892864582257,1.748,21.775947496481,0.7445922,7.883,78.66,801.33079145,809.975571308495
0.736670316977864,0.70892864582257,1.748,22.2162410092054,0.7445922,7.883,78.66,817.70789695,826.352676808495
0.736670316977864,0.681637748982489,1.748,22.207294072588,0.7159284,7.883,78.66,817.70789695,826.019887610719
0.757074555494268,0.740024937332462,1.748,21.5835798088341,0.7159284,7.991,78.66,793.54431135,802.820285517678
0.757074555494268,0.783296414115031,1.748,21.5981619075113,0.75779088,7.991,78.66,793.54431135,803.362679537911
0.783665651584623,0.866370616861059,1.748,21.7273284366321,0.75779088,8.136,78.66,796.95702555,808.167142500336
0.783665651584623,0.902037528251891,1.748,21.7397357305807,0.78898776,8.136,78.66,796.95702555,808.628642740726
0.783665651584623,0.902037528251891,1.748,21.7985294152139,0.78898776,8.136,78.66,799.1439085,810.815525690726
0.808257082963081,0.981024013282235,1.748,21.8349497274868,0.78605472,8.274,78.66,799.1439085,812.170211324736
0.808257082963081,0.981024013282235,1.748,22.3712114070564,0.78605472,8.274,78.66,819.0906346,832.116937424736
0.827779969595326,1.06171563497646,1.748,22.4070948024773,0.79618704,8.386,78.66,819.0906346,833.451651962929
0.827779969595326,1.06171563497646,1.748,22.2009214330459,0.79618704,8.386,78.66,811.4218343,825.782851662929
0.827779969595326,1.05478212697845,1.748,22.1984000713248,0.79098756,8.386,78.66,811.4218343,825.689067390131
0.850355964049095,1.13496744064704,1.748,22.2372492779486,0.79098756,8.518,78.66,811.4806742,827.13409789156
0.850355964049095,1.1364978198018,1.748,22.2378167312395,0.79205412,8.518,78.66,811.4806742,827.155204817151
0.877340924043227,1.23530655481318,1.748,22.6616668866094,0.79205412,8.679,78.66,825.523797,842.920685138979
0.877340924043227,1.37960932354577,1.748,22.7163026013628,0.8845782,8.679,78.66,825.523797,844.95290873239
0.877340924043227,1.37960932354577,1.748,22.7163026013628,0.8845782,8.679,78.66,825.523797,844.95290873239
0.896455048175823,1.45985939931267,1.748,22.7101333341651,0.8845782,8.795,78.66,823.88608645,844.723437398304
0.896455048175823,1.3278449849061,1.748,22.6594741759064,0.8045862,8.795,78.66,823.88608645,842.839125330635
0.921779786833802,1.42697808282694,1.748,22.2746493416114,0.8045862,8.951,78.66,807.82279375,828.525226242561
0.921779786833802,1.54827713112689,1.748,22.3219608296556,0.87297936,8.951,78.66,807.82279375,830.285018764298
0.921779786833802,1.54827713112689,1.748,22.7699001578704,0.87297936,8.951,78.66,824.4842921,846.946517114298
0.946241422289365,1.57287176229482,1.748,22.788319603476,0.82965036,9.104,78.66,824.4842921,847.631644637684
0.946241422289365,1.57287176229482,1.748,22.7920106868162,0.82965036,9.104,78.66,824.6215852,847.768937737684
0.966608408108405,1.73988749870856,1.748,22.865661055921,0.869913,9.233,78.66,824.6215852,850.508428168692
0.966608408108405,1.73988749870856,1.748,22.4635966206488,0.869913,9.233,78.66,809.66644395,835.553286918692
0.966608408108405,1.70228992977095,1.748,22.448557486758,0.85111488,9.233,78.66,809.66644395,834.993893070633
0.987695460136604,1.79614274340306,1.748,22.6284107746723,0.85111488,9.368,78.66,814.6776421,841.683694726962
0.987695460136604,1.8163999923888,1.748,22.6365993032233,0.86071392,9.368,78.66,814.6776421,841.988274267867
1.01057094368334,1.92167702832762,1.748,22.8007619570893,0.86071392,9.516,78.66,818.8945016,848.094448953221
1.01057094368334,2.06217138355851,1.748,22.8581558502891,0.92364096,9.516,78.66,818.8945016,850.229265426381
1.01057094368334,2.06217138355851,1.748,22.6633193796883,0.92364096,9.516,78.66,811.64738725,842.982151076381
1.03321662304164,2.05780243873592,1.748,22.6696966176409,0.873246,9.664,78.66,811.64738725,843.219358066104
1.03321662304164,2.05780243873592,1.748,22.7340269272844,0.873246,9.664,78.66,814.04020985,845.612180666104
1.06032834023645,2.25062291803426,1.748,22.8235057100529,0.8972436,9.843,78.66,814.04020985,848.940422902387
1.06032834023645,2.25062291803426,1.748,23.0892637105476,0.8972436,9.843,78.66,823.92531305,858.825526102387
1.06032834023645,2.28540223207224,1.748,23.1037631593609,0.91110888,9.843,78.66,823.92531305,859.36484588804
1.08418025406661,2.41010395520145,1.748,23.4080781313327,0.91110888,10.002,78.66,832.98665765,870.684109645469
1.08418025406661,2.46758814377298,1.748,23.432251087619,0.93284004,10.002,78.66,832.98665765,871.583244072636
1.11124179101392,2.61588392991413,1.748,23.4785140707242,0.93284004,10.184,78.66,832.0157993,873.304036528492
1.11124179101392,2.83533853429595,1.748,23.5716372315605,1.01109888,10.184,78.66,832.0157993,876.767834620978
1.11124179101392,2.83533853429595,1.748,23.7641008628711,1.01109888,10.184,78.66,839.1746538,883.926689120978
1.13395697338537,2.82316271042148,1.748,23.7674061765547,0.96003732,10.338,78.66,839.1746538,884.049633178391
1.13395697338537,2.82316271042148,1.748,23.6935845097506,0.96003732,10.338,78.66,836.4287918,881.303771178391
1.16133409446814,2.93609270739717,1.748,23.7517837862083,0.94443888,10.525,78.66,836.4287918,883.468544592092
1.16133409446814,2.93609270739717,1.748,23.9748306794806,0.94443888,10.525,78.66,844.7252177,891.764970492092
1.16133409446814,3.11804424587082,1.748,24.0532018148269,1.00296636,10.525,78.66,844.7252177,894.68005398669
1.18024368923042,3.23687485684365,1.748,23.6037252345001,1.00296636,10.655,78.66,825.8376098,877.961376188682
1.18024368923042,3.2175129841123,1.748,23.5953429502984,0.99696696,10.655,78.66,825.8376098,877.649589735474
1.20483150125117,3.37395517064743,1.748,24.0284028651081,0.99696696,10.825,78.66,839.08639395,893.757635181739
1.20483150125117,3.42719490187722,1.748,24.0515960622988,1.01269872,10.825,78.66,839.08639395,894.620326605294
1.20483150125117,3.42719490187722,1.748,23.8158940261457,1.01269872,10.825,78.66,830.31924885,885.853181505294
1.23170819939244,3.67867595212019,1.748,23.9356687279078,1.03349664,11.012,78.66,830.31924885,890.308307166471
1.23170819939244,3.67867595212019,1.748,24.5167507051799,1.03349664,11.012,78.66,851.93310545,911.922163766471
1.25457370518733,3.69288534752505,1.748,24.5311947584168,0.99496716,11.172,78.66,851.93310545,912.459423064807
1.25457370518733,3.69288534752505,1.748,24.3909335914891,0.99496716,11.172,78.66,846.71596765,907.242285264807
1.25457370518733,3.99472911839338,1.748,24.5239379233224,1.07629236,11.172,78.66,846.71596765,912.189498683678
1.27718554594989,4.15959839555449,1.748,24.6869825859397,1.07629236,11.331,78.66,849.75602915,918.254088698582
1.27718554594989,4.14671719155487,1.748,24.6812797816867,1.07295936,11.331,78.66,849.75602915,918.041967865099
1.30407126688319,4.34596214343561,1.748,25.1181733676361,1.07295936,11.521,78.66,862.34776775,934.292610090312
1.30407126688319,4.40428270897873,1.748,25.1441295366188,1.08735792,11.521,78.66,862.34776775,935.25807268633
1.30407126688319,4.40428270897873,1.748,25.690409870969,1.08735792,11.521,78.66,882.66714655,955.57745148633
1.33138250884534,4.67649457488394,1.748,25.8219932943278,1.10215644,11.715,78.66,882.66714655,960.471812961395
1.33138250884534,4.67649457488394,1.748,25.6303206094472,1.10215644,11.715,78.66,875.537712,953.342378411395
1.34484810847497,4.80244292500159,1.748,25.691699884676,1.10668932,11.811,78.66,875.537712,955.625434683824
1.34484810847497,4.80244292500159,1.748,25.2843624732035,1.10668932,11.811,78.66,860.38643775,940.474160433824
1.34484810847497,4.9135221975712,1.748,25.3341639130664,1.13228676,11.811,78.66,860.38643775,942.326568909345
1.36498872842588,5.07887956829618,1.748,25.8647161772237,1.13228676,11.955,78.66,877.07735605,962.060928267956
1.36498872842588,5.34678702697941,1.748,25.9852355914548,1.19201412,11.955,78.66,877.07735605,966.543754166184
1.38186122721655,5.49461168911348,1.748,26.1517542178714,1.19201412,12.076,78.66,880.54891015,972.737561328285
1.38186122721655,5.44053207512824,1.748,26.1273604336447,1.18028196,12.076,78.66,880.54891015,971.830213011129
1.38186122721655,5.44053207512824,1.748,26.4092010115503,1.18028196,12.076,78.66,891.032219,982.313521861129
1.39771680700274,6.02846612914057,1.748,26.6810555354198,1.2752058,12.19,78.66,891.032219,992.425390624572
1.39771680700274,6.02846612914057,1.748,26.6573271425185,1.2752058,12.19,78.66,890.1496205,991.542792124572
1.41602857390261,6.14071021900484,1.748,26.7156275742331,1.26214044,12.322,78.66,890.1496205,993.711328097261
1.41602857390261,6.14071021900484,1.748,27.0370154736408,1.26214044,12.322,78.66,902.10392685,1005.66563444726
1.41602857390261,6.47086987903161,1.748,27.1867113192527,1.33000032,12.322,78.66,902.10392685,1011.23370344135
1.43235701464645,6.63638832195871,1.748,27.65527725899,1.33000032,12.44,78.66,916.48047575,1028.66242679751
1.43235701464645,6.63638832195871,1.748,27.65527725899,1.33000032,12.44,78.66,916.48047575,1028.66242679751
1.44975140905583,7.01563681104203,1.748,27.8352513383883,1.3691964,12.566,78.66,916.48047575,1035.35672139961
1.44975140905583,7.01563681104203,1.748,28.2478617260611,1.3691964,12.566,78.66,931.827883,1050.70412864961
1.44975140905583,6.86739988913394,1.748,28.1803328516435,1.34026596,12.566,78.66,931.827883,1048.19233261203
1.4624263076828,6.99977444284647,1.748,28.302690487669,1.34026596,12.658,78.66,933.93631275,1052.74353279102
1.4624263076828,7.82348210880563,1.748,28.6785599441492,1.49798352,12.658,78.66,933.93631275,1066.72432870353
1.47906468280412,8.01965392908457,1.748,29.1611047472924,1.49798352,12.779,78.66,948.2638284,1084.67300821202
1.47906468280412,8.28374007662474,1.748,29.2818690925421,1.54731192,12.779,78.66,948.2638284,1089.16494453548
1.47906468280412,8.28374007662474,1.748,29.8415955162031,1.54731192,12.779,78.66,969.08334635,1109.98446248548
1.49333749900497,8.55560156523952,1.748,29.9728667641946,1.56491016,12.883,78.66,969.08334635,1114.86721232245
1.49333749900497,8.55560156523952,1.748,30.1840494610162,1.56491016,12.883,78.66,976.938473,1122.72233897245
1.4978611270639,8.86392280428966,1.748,30.3275323334406,1.61063892,12.916,78.66,976.938473,1128.05931094962
1.4978611270639,8.86392280428966,1.748,31.1366705313754,1.61063892,12.916,78.66,1007.03508185,1158.15591979962
1.4978611270639,9.36211033711912,1.748,31.3650180953499,1.7011632,12.916,78.66,1007.03508185,1166.64950882104
1.50854352357779,9.5082988541736,1.748,31.4919241328627,1.7011632,12.994,78.66,1009.05525175,1171.36989080458
1.50854352357779,10.1789468924774,1.748,31.7997142460109,1.8211512,12.994,78.66,1009.05525175,1182.81841550279
1.52344891827786,10.3991729742082,1.748,31.9003989204019,1.8211512,13.103,78.66,1008.7316323,1186.56347076043
1.52344891827786,10.3907988232041,1.748,31.8965489566193,1.81968468,13.103,78.66,1008.7316323,1186.42026796226
1.52344891827786,10.3907988232041,1.748,32.9561535240679,1.81968468,13.103,78.66,1048.14455865,1225.83319431226
1.53300768955823,11.1511926155214,1.748,33.3113205013476,1.926474,13.173,78.66,1048.14455865,1239.04394325343
1.53300768955823,11.1511926155214,1.748,33.6783196448879,1.926474,13.173,78.66,1061.79541545,1252.69480005343
1.54487356525091,11.6470731197178,1.748,33.913631484824,1.97873544,13.26,78.66,1061.79541545,1261.44743146102
1.54487356525091,11.6470731197178,1.748,33.6586830855399,1.97873544,13.26,78.66,1052.3123849,1251.96440091102
1.54487356525091,12.3454894434308,1.748,33.9805500611175,2.09739024,13.26,78.66,1052.3123849,1263.93652692166
1.55481804044676,12.5184833281273,1.748,34.2054664543715,2.09739024,13.333,78.66,1057.48048945,1272.30249052218
1.55481804044676,12.997515044599,1.748,34.4264685801717,2.17764888,13.333,78.66,1057.48048945,1280.52285949278
1.55754068632281,13.04689148911,1.748,35.2659482835765,2.17764888,13.353,78.66,1087.7928446,1311.74804739687
1.55754068632281,13.3783755082101,1.748,35.4189237695463,2.23297668,13.353,78.66,1087.7928446,1317.43810550638
1.55754068632281,13.3783755082101,1.748,35.4750809660794,2.23297668,13.353,78.66,1089.88166105,1319.52692195638
1.55767679772998,13.5462829350289,1.748,35.5526591918151,2.26057392,13.354,78.66,1089.88166105,1322.41251247874
1.55767679772998,13.5462829350289,1.748,35.8809019602832,2.26057392,13.354,78.66,1102.0909403,1334.62179172874
1.56679177097469,14.5939607782373,1.748,36.3709179954624,2.40482616,13.421,78.66,1102.0909403,1352.84837030167
1.56679177097469,14.5939607782373,1.748,36.2153651975538,2.40482616,13.421,78.66,1096.3050168,1347.06244680167
1.56679177097469,14.5227628323184,1.748,36.1824760028704,2.393094,13.421,78.66,1096.3050168,1345.83910420049
1.5647518700709,14.4818576390393,1.748,36.477202549571,2.393094,13.406,78.66,1108.02396355,1356.80171802394
1.5647518700709,14.5907741171045,1.748,36.5275046359822,2.4110922,13.406,78.66,1108.02396355,1358.67274848934
1.56570387840306,14.6100011951413,1.748,36.2768408738993,2.4110922,13.413,78.66,1098.3448,1349.34908879865
1.56570387840306,14.7029041609937,1.748,36.3197515748952,2.426424,13.413,78.66,1098.3448,1350.94519016508
1.56570387840306,14.7029041609937,1.748,36.8631317723352,2.426424,13.413,78.66,1118.55630565,1371.15669581508
1.56951095856035,14.7868966626622,1.748,36.9046575635643,2.42749056,13.441,78.66,1118.55630565,1372.70128424138
1.56951095856035,14.7868966626622,1.748,36.4994293425719,2.42749056,13.441,78.66,1103.4834846,1357.62846319138
1.56719969858608,15.0514729068255,1.748,36.6199975583845,2.47881876,13.424,78.66,1103.4834846,1362.11310430747
1.56719969858608,15.0514729068255,1.748,36.2870091113361,2.47881876,13.424,78.66,1091.09768565,1349.72730535747
1.56719969858608,14.4168063786186,1.748,35.9938185435698,2.37429588,13.424,78.66,1091.09768565,1338.82182362506
1.56515988535112,14.3762136721494,1.748,36.1481754874657,2.37429588,13.409,78.66,1097.58968795,1344.56326628043
1.56515988535112,14.2736936465239,1.748,36.1008255051548,2.35736424,13.409,78.66,1097.58968795,1342.8020419305
1.57087026212398,14.3866531661313,1.748,36.2964492489996,2.35736424,13.451,78.66,1102.7774058,1350.0784396031
1.57087026212398,14.5558887649637,1.748,36.3746593812906,2.3850948,13.451,78.66,1102.7774058,1352.98753444707
1.57087026212398,14.5558887649637,1.748,35.9111647732849,2.3850948,13.451,78.66,1085.5373151,1335.74744374707
1.56692774878902,14.1119802229601,1.748,35.7033258159329,2.32496748,13.422,78.66,1085.5373151,1328.01669043548
1.56692774878902,14.1119802229601,1.748,35.8388413042804,2.32496748,13.422,78.66,1090.5779332,1333.05730853548
1.56869528368003,14.4068537847852,1.748,35.9762919472963,2.3677632,13.435,78.66,1090.5779332,1338.16990641999
1.56869528368003,14.4068537847852,1.748,36.0833333641622,2.3677632,13.435,78.66,1094.5594331,1342.15140631999
1.56869528368003,14.2819294895793,1.748,36.0256142761661,2.34723192,13.435,78.66,1094.5594331,1340.00449393959
1.56611185272149,14.231064982365,1.748,36.0008564496979,2.34723192,13.416,78.66,1094.5790464,1339.08360475021
1.56611185272149,14.0710200620817,1.748,35.9269305544077,2.32083456,13.416,78.66,1094.5790464,1336.33386587975
1.57046249131566,14.1557630805877,1.748,35.8997178522542,2.32083456,13.448,78.66,1091.99989745,1335.32166542431
1.57046249131566,14.2525309922714,1.748,35.9444360391438,2.33669964,13.448,78.66,1091.99989745,1336.98499782257
1.57046249131566,14.2525309922714,1.748,35.7198072530113,2.33669964,13.448,78.66,1083.64463165,1328.62973202257
1.56964689760516,14.2365179927925,1.748,35.711846759998,2.33669964,13.442,78.66,1083.64463165,1328.33363446459
1.56964689760516,14.2787556224853,1.748,35.7313638627217,2.34363228,13.442,78.66,1083.64463165,1329.05959031251
1.56665579121571,14.2199267595244,1.748,36.0314166377154,2.34363228,13.42,78.66,1095.8931375,1340.22031789451
1.56665579121571,14.4577479363433,1.748,36.1412742327358,2.38282836,13.42,78.66,1095.8931375,1344.30656802455
1.56665579121571,14.4577479363433,1.748,36.0866989290628,2.38282836,13.42,78.66,1093.86316095,1342.27659147455
1.57372417303834,14.6082623318489,1.748,36.1612106696257,2.38429488,13.472,78.66,1093.86316095,1345.04812137658
1.57372417303834,14.6082623318489,1.748,36.331000503275,2.38429488,13.472,78.66,1100.17864355,1351.36360397658
1.57032656385603,14.7010896803624,1.748,36.3715097423998,2.41069224,13.447,78.66,1100.17864355,1352.87038085086
1.57032656385603,14.7010896803624,1.748,36.4326762663231,2.41069224,13.447,78.66,1102.45378635,1355.14552365087
1.57032656385603,14.8466208745215,1.748,36.4999278858398,2.43455652,13.447,78.66,1102.45378635,1357.64700694789
1.57290885632471,14.899496236344,1.748,36.4030902602587,2.43455652,13.466,78.66,1097.8740808,1354.04504606344
1.57290885632471,15.2976646917044,1.748,36.5871379244926,2.49961668,13.466,78.66,1097.8740808,1360.89086124599
1.57046249131566,15.2462317324183,1.748,36.3722687583069,2.49961668,13.448,78.66,1090.8329061,1352.89861311691
1.57046249131566,15.1275080760669,1.748,36.3174044281735,2.48015196,13.448,78.66,1090.8329061,1350.85788597282
1.57046249131566,15.1275080760669,1.748,36.289194005502,2.48015196,13.448,78.66,1089.78359455,1349.80857442282
1.57005470314797,15.0564297738121,1.748,36.2560511270328,2.46988632,13.445,78.66,1089.78359455,1348.5757958295
1.57005470314797,15.0564297738121,1.748,36.530509538258,2.46988632,13.445,78.66,1099.9923172,1358.7845184795
1.57209347054985,15.1884174629138,1.748,36.5929929576242,2.48455152,13.46,78.66,1099.9923172,1361.10864436687
1.57209347054985,15.1884174629138,1.748,36.228103004564,2.48455152,13.46,78.66,1086.4199136,1347.53624076687
1.57209347054985,15.4964890341191,1.748,36.3704926033606,2.53494648,13.46,78.66,1086.4199136,1352.83254746729
1.57209347054985,15.4964890341191,1.748,36.4150492522531,2.53494648,13.46,78.66,1088.07723745,1354.48987131729
1.57209347054985,15.582064470565,1.748,36.4546019185854,2.54894508,13.46,78.66,1088.07723745,1355.96106762296
1.5748111547769,15.6403947699058,1.748,37.1366590253005,2.54894508,13.48,78.66,1112.3683095,1381.33078321241
1.5748111547769,16.0952333855273,1.748,37.3469431314239,2.623071,13.48,78.66,1112.3683095,1389.15248598893
1.5748111547769,16.0952333855273,1.748,37.5876544949672,2.623071,13.48,78.66,1121.32178095,1398.10595743893
1.57562631083237,15.6783845786038,1.748,37.3955450935901,2.55227808,13.486,78.66,1121.32178095,1390.9602788337
1.57562631083237,15.6783845786038,1.748,36.9323141343944,2.55227808,13.486,78.66,1104.0914969,1373.7299947837
1.57997265344324,16.1823354514747,1.748,37.168669828233,2.61867144,13.518,78.66,1104.0914969,1382.52145325777
1.57997265344324,16.1823354514747,1.748,37.3896075310252,2.61867144,13.518,78.66,1112.3094696,1390.73942595777
1.57997265344324,16.4921082918043,1.748,37.5328999576558,2.66879976,13.518,78.66,1112.3094696,1396.06931413568
1.57698475177145,16.4247482782537,1.748,37.6227970270147,2.66879976,13.496,78.66,1116.8989818,1399.41311491058
1.57698475177145,16.5929505660468,1.748,37.7005789175707,2.69613036,13.496,78.66,1116.8989818,1402.30628092555
1.57358829171003,16.5157522007271,1.748,37.5472477198918,2.69613036,13.471,78.66,1112.6232824,1396.60299180532
1.57358829171003,16.6349877157993,1.748,37.6023665161292,2.71559508,13.471,78.66,1112.6232824,1398.65318404056
1.57358829171003,16.6349877157993,1.748,37.5388271529157,2.71559508,13.471,78.66,1110.25987975,1396.28978139056
1.57494701889185,16.7552577963082,1.748,37.595514547809,2.73012696,13.481,78.66,1110.25987975,1398.39831903614
1.57494701889185,16.7552577963082,1.748,37.7099381313553,2.73012696,13.481,78.66,1114.51596585,1402.65440513614
1.57616971005809,16.5916214760992,1.748,37.6352528198896,2.69893008,13.49,78.66,1114.51596585,1399.87641911131
1.57616971005809,16.5916214760992,1.748,37.4786454267409,2.69893008,13.49,78.66,1108.69081575,1394.05126901131
1.57616971005809,17.457919831179,1.748,37.8792146559221,2.83984932,13.49,78.66,1108.69081575,1408.95079475213
1.57562631083237,17.4449054486439,1.748,38.3404572935569,2.83984932,13.486,78.66,1126.08781285,1426.10712142818
1.57562631083237,17.5194318274912,1.748,38.3749157441481,2.85198144,13.486,78.66,1126.08781285,1427.38883388678
1.5790220568971,17.6011811215649,1.748,37.9199000551307,2.85198144,13.511,78.66,1107.65131085,1410.46412405609
1.5790220568971,17.4744710480458,1.748,37.861293159358,2.83145016,13.511,78.66,1107.65131085,1408.28418888249
1.5790220568971,17.4744710480458,1.748,37.8489016652873,2.83145016,13.511,78.66,1107.1903983,1407.82327633249
1.57766390091308,17.6431986714255,1.748,37.9258040488279,2.86411356,13.501,78.66,1107.1903983,1410.68372830838
1.57766390091308,17.6431986714255,1.748,38.5379965856817,2.86411356,13.501,78.66,1129.9614396,1433.45476960838
1.57997265344324,17.7641542106047,1.748,38.5958813973779,2.87464584,13.518,78.66,1129.9614396,1435.60784622795
1.57997265344324,17.7641542106047,1.748,38.9739537909388,2.87464584,13.518,78.66,1144.0241757,1449.67058232795
1.57997265344324,18.0442679492006,1.748,39.1035267299133,2.91997464,13.518,78.66,1144.0241757,1454.4901620633
1.57589801425663,17.9437974439079,1.748,38.7509055811477,2.91997464,13.488,78.66,1132.7661415,1441.37410745887
1.57589801425663,18.1912189957324,1.748,38.8653080614683,2.96023728,13.488,78.66,1132.7661415,1445.62940860578
1.57875044085916,18.2624949636949,1.748,38.5071173389625,2.96023728,13.509,78.66,1118.12481305,1432.30618879429
1.57875044085916,18.0971751344884,1.748,38.4306545005337,2.93343996,13.509,78.66,1118.12481305,1429.46208608647
1.57875044085916,18.0971751344884,1.748,39.0710574600591,2.93343996,13.509,78.66,1141.9451659,1453.28243893647
1.58173780165526,18.7130447820691,1.748,39.3585533317654,3.02089788,13.531,78.66,1141.9451659,1463.97610142678
1.58173780165526,18.7130447820691,1.748,38.9034954856803,3.02089788,13.531,78.66,1125.018888,1447.04982352678
1.57983685960704,18.6026862426007,1.748,38.850764638602,3.01089888,13.517,78.66,1125.018888,1445.08845316645
1.57983685960704,18.6026862426007,1.748,38.9211588708759,3.01089888,13.517,78.66,1127.63726355,1447.70682871645
1.57983685960704,18.6092759295446,1.748,38.9242070370656,3.01196544,13.517,78.66,1127.63726355,1447.82020794605
1.58160203232705,18.6542511328727,1.748,38.5571595807198,3.01196544,13.53,78.66,1113.1528415,1434.16755410864
1.58160203232705,19.2297651661416,1.748,38.8234209590709,3.10488948,13.53,78.66,1113.1528415,1444.07138089194
1.58038002362241,19.1976632468325,1.748,40.2954935890815,3.10488948,13.521,78.66,1168.5015741,1498.82642058392
1.58038002362241,18.8860690733041,1.748,40.1513526521556,3.05449452,13.521,78.66,1168.5015741,1493.46497131728
1.58038002362241,18.8860690733041,1.748,39.8360286753781,3.05449452,13.521,78.66,1156.7728207,1481.73621791728
1.5806515943063,19.1157352285327,1.748,39.9425160706073,3.09049092,13.523,78.66,1156.7728207,1485.69711049391
1.5806515943063,19.1157352285327,1.748,39.9435706658473,3.09049092,13.523,78.66,1156.8120473,1485.73633709391
1.5866242488907,19.4342881798803,1.748,40.0963959992012,3.11648832,13.567,78.66,1156.8120473,1491.42081014445
1.5866242488907,19.4342881798803,1.748,40.092441267051,3.11648832,13.567,78.66,1156.66494755,1491.27371039445
1.5866242488907,19.4342881798803,1.748,40.092441267051,3.11648832,13.567,78.66,1156.66494755,1491.27371039445
1.58119471304908,19.3832853838162,1.748,40.0638837656783,3.13142016,13.527,78.66,1156.66494755,1490.21148894607
1.58119471304908,19.3832853838162,1.748,40.2982675577812,3.13142016,13.527,78.66,1165.3830594,1498.92960079607
1.57983685960704,19.6735103709828,1.748,40.4312701464601,3.18421488,13.517,78.66,1165.3830594,1503.87674937677
1.57983685960704,19.6735103709828,1.748,39.8633706096887,3.18421488,13.517,78.66,1144.2595353,1482.75322527677
1.57983685960704,19.9568669095701,1.748,39.9944417558489,3.23007696,13.517,78.66,1144.2595353,1487.62853214966
1.58133048802452,19.9976757333644,1.748,39.7655838880513,3.23007696,13.528,78.66,1134.99225105,1479.1159619275
1.58133048802452,19.970437690637,1.748,39.7529825659615,3.2256774,13.528,78.66,1134.99225105,1478.64724463928
1.58051580990754,19.9482046485987,1.748,40.6436071141007,3.2256774,13.522,78.66,1168.53099405,1511.77481014783
1.58051580990754,20.1032061974285,1.748,40.7153105694233,3.25074156,13.522,78.66,1168.53099405,1514.44188340373
1.58051580990754,20.1032061974285,1.748,40.3027001817504,3.25074156,13.522,78.66,1153.1835868,1499.09447615373
1.57970106388165,20.2784639544653,1.748,40.3829915686538,3.28273836,13.516,78.66,1153.1835868,1502.08098509846
1.57970106388165,20.2784639544653,1.748,40.7418175990837,3.28273836,13.516,78.66,1166.53043745,1515.42783574846
1.58255237813724,20.6602640940527,1.748,40.9212078079592,3.33153348,13.537,78.66,1166.53043745,1522.10041277155
1.58255237813724,20.6602640940527,1.748,40.3577903009581,3.33153348,13.537,78.66,1145.5736264,1501.14360172155
1.58255237813724,20.3072314489625,1.748,40.1944440318518,3.27460584,13.537,78.66,1145.5736264,1495.0677931873
1.58431706208741,20.3561988753807,1.748,39.8829031687133,3.27460584,13.55,78.66,1133.0799543,1483.47975603543
1.58431706208741,20.7034526547465,1.748,40.0436044308126,3.33046692,13.55,78.66,1133.0799543,1489.45718120142
1.58404559285667,20.6957876615321,1.748,40.4331572058601,3.33046692,13.548,78.66,1147.7114761,1503.94694021535
1.58404559285667,21.2359443228074,1.748,40.6831227039686,3.41739156,13.548,78.66,1147.7114761,1513.24462736171
1.58404559285667,21.2359443228074,1.748,40.8827048531497,3.41739156,13.548,78.66,1155.13511015,1520.66826141171
1.5806515943063,20.996714998874,1.748,40.7686368782774,3.39459384,13.523,78.66,1155.13511015,1516.42540248995
1.5806515943063,20.996714998874,1.748,40.417720312148,3.39459384,13.523,78.66,1142.082459,1503.37275133995
1.58228086016089,20.7021918800234,1.748,40.283066004734,3.33953268,13.535,78.66,1142.082459,1498.36416562425
1.58228086016089,20.7021918800234,1.748,40.3951167489902,3.33953268,13.535,78.66,1146.25028525,1502.53199187425
1.58228086016089,21.4360952849282,1.748,40.7346804331415,3.45792084,13.535,78.66,1146.25028525,1515.16236256698
1.57983685960704,21.3645887829585,1.748,41.4871732597057,3.45792084,13.517,78.66,1175.5623621,1543.15199687339
1.57983685960704,21.2608012135922,1.748,41.4391646422168,3.44112252,13.517,78.66,1175.5623621,1541.36627400715
1.58268813430827,21.3438291636445,1.748,40.8458440763348,3.44112252,13.538,78.66,1151.95775555,1519.29719231061
1.58268813430827,21.5580034208753,1.748,40.9449427013932,3.4756524,13.538,78.66,1151.95775555,1522.9832530646
1.58268813430827,21.5580034208753,1.748,40.7023857961798,3.4756524,13.538,78.66,1142.93563755,1513.9611350646
1.58309539155949,21.6295658323573,1.748,40.7359128217839,3.48525144,13.541,78.66,1142.93563755,1515.20820234938
1.58309539155949,21.6295658323573,1.748,41.0757561378927,3.48525144,13.541,78.66,1155.5764094,1527.84897419938
1.58567429609209,21.7356666008027,1.748,41.1274846711116,3.49005096,13.56,78.66,1155.5764094,1529.77306261177
1.58567429609209,21.7356666008027,1.748,41.4462360824192,3.49005096,13.56,78.66,1167.43264925,1541.62930246177
1.58567429609209,22.3882845986723,1.748,41.7482946241897,3.59484048,13.56,78.66,1167.43264925,1552.86463630792
1.58228086016089,22.284877713799,1.748,41.3820812912996,3.59484048,13.535,78.66,1155.72350915,1539.24300842806
1.58228086016089,22.1683457542364,1.748,41.3281640846945,3.57604236,13.535,78.66,1155.72350915,1537.23751037888
1.58363837497101,22.2094700254658,1.748,41.4092510990953,3.57604236,13.545,78.66,1157.97903865,1540.25361339004
1.58363837497101,22.3990822476569,1.748,41.4969933328388,3.60657264,13.545,78.66,1157.97903865,1543.51726315388
1.58363837497101,22.3990822476569,1.748,41.1629502905503,3.60657264,13.545,78.66,1145.5540131,1531.09223760388
1.58445279389654,22.4670857029215,1.748,41.1952788165172,3.61350528,13.551,78.66,1145.5540131,1532.2947256377
1.58445279389654,22.4670857029215,1.748,41.7093939960457,3.61350528,13.551,78.66,1164.6769806,1551.4176931377
1.58485997810571,22.8909367982191,1.748,41.9059831726439,3.679632,13.554,78.66,1164.6769806,1558.73000093298
1.58485997810571,22.8909367982191,1.748,41.9196929107647,3.679632,13.554,78.66,1165.1869264,1559.23994673298
1.58485997810571,23.3404617165029,1.748,42.1277344244545,3.75189144,13.554,78.66,1165.1869264,1566.97823430619
1.5788862498247,23.1507262493139,1.748,41.926090645983,3.75189144,13.51,78.66,1161.19561985,1559.47791613658
1.5788862498247,22.7245988881759,1.748,41.7289977624957,3.68283168,13.51,78.66,1161.19561985,1552.14687251934
1.58581000922551,22.9405259246376,1.748,41.3022074645906,3.68283168,13.561,78.66,1141.32734695,1536.27203100301
1.58581000922551,23.1182435813084,1.748,41.3844636604295,3.71136216,13.561,78.66,1141.32734695,1539.33162274886
1.58581000922551,23.1182435813084,1.748,42.1543181856721,3.71136216,13.561,78.66,1169.96276495,1567.96704074886
1.5873027307574,23.4365611852048,1.748,42.3032876451115,3.75482448,13.572,78.66,1169.96276495,1573.50809116866
1.5873027307574,23.4365611852048,1.748,42.2829866867404,3.75482448,13.572,78.66,1169.2076529,1572.75297911866
1.58472425190514,23.3742873755053,1.748,42.2513361180157,3.75802416,13.553,78.66,1169.2076529,1571.57570830235
1.58472425190514,23.3742873755053,1.748,42.1627501178508,3.75802416,13.553,78.66,1165.9126185,1568.28067390235
1.58472425190514,23.8709951283763,1.748,42.3926248274448,3.83788284,13.553,78.66,1165.9126185,1576.83106645188
1.58798116616371,23.9771106567655,1.748,42.0934188880544,3.83788284,13.577,78.66,1152.82074075,1565.70183766696
1.58798116616371,23.7788769979504,1.748,42.0016467839666,3.80615268,13.577,78.66,1152.82074075,1562.28829332173
1.58621713744091,23.7218504522734,1.748,42.0007099039386,3.80615268,13.564,78.66,1153.84063235,1562.25344524286
1.58621713744091,23.7035702774879,1.748,41.9922486198144,3.80321964,13.564,78.66,1153.84063235,1561.93872031786
1.58621713744091,23.7035702774879,1.748,42.1704752153843,3.80321964,13.564,78.66,1160.46992775,1568.56801571786
1.59110137257577,24.0513734080305,1.748,42.3369364615344,3.83348328,13.6,78.66,1160.46992775,1574.75968857035
1.59110137257577,24.0513734080305,1.748,42.0991252349013,3.83348328,13.6,78.66,1151.62432945,1565.91409027035
1.58377411613891,23.8127501259357,1.748,41.9804696459696,3.83348328,13.546,78.66,1151.62432945,1561.50059099784
1.58377411613891,24.3891455522294,1.748,42.014923209538,3.926274,13.546,78.66,1142.9846708,1562.78212167932
1.58377411613891,24.3891455522294,1.748,42.014923209538,3.926274,13.546,78.66,1142.9846708,1562.78212167932
1.58567429609209,24.4009385768351,1.748,42.0225574604819,3.91800816,13.56,78.66,1142.9846708,1563.06608437581
1.58567429609209,24.4009385768351,1.748,42.2888427585966,3.91800816,13.56,78.66,1152.8893873,1572.97080087581
1.58635284311962,24.7467899451877,1.748,42.4497035414348,3.96986964,13.565,78.66,1152.8893873,1578.95415955637
1.58635284311962,24.7467899451877,1.748,42.4620950355055,3.96986964,13.565,78.66,1153.35029985,1579.41507210637
1.58635284311962,24.7692288520124,1.748,42.4724814007451,3.97346928,13.565,78.66,1153.35029985,1579.80140212118
1.59069444456384,24.915883098941,1.748,43.7241802582583,3.97346928,13.597,78.66,1197.195832,1626.35944499781
1.59069444456384,24.8673956066668,1.748,43.7017268914338,3.96573672,13.597,78.66,1197.195832,1625.52427221718
1.58553858109361,24.6936200066939,1.748,43.0155149948145,3.96573672,13.559,78.66,1174.88570325,1600.00001555314
1.58553858109361,24.8413865756845,1.748,43.0839065209814,3.98946768,13.559,78.66,1174.88570325,1602.54389868331
1.58553858109361,24.8413865756845,1.748,42.9610461755146,3.98946768,13.559,78.66,1170.31580435,1597.97399978331
1.5871670381031,25.4656227490933,1.748,43.2519055774045,4.08065856,13.571,78.66,1170.31580435,1608.79277174509
1.5871670381031,25.4656227490933,1.748,43.3043716905974,4.08065856,13.571,78.66,1172.2673277,1610.74429509509
1.59083008907842,25.4330284760637,1.748,43.2936224476018,4.05519444,13.598,78.66,1172.2673277,1610.34446752213
1.59083008907842,25.4330284760637,1.748,43.3231511143234,4.05519444,13.598,78.66,1173.3656725,1611.44281232213
1.59083008907842,25.4990839466759,1.748,43.3537401963726,4.06572672,13.598,78.66,1173.3656725,1612.58060020541
1.58675994898419,25.358383149021,1.748,43.0794474785113,4.06572672,13.568,78.66,1165.76551875,1602.37804066621
1.58675994898419,25.4548407974105,1.748,43.1240969617816,4.08119184,13.568,78.66,1165.76551875,1604.03881757276
1.5871670381031,25.468950718611,1.748,43.4182266377984,4.08119184,13.571,78.66,1176.4449606,1614.97923026475
1.5871670381031,25.7543241047498,1.748,43.5503291548528,4.1269206,13.571,78.66,1176.4449606,1619.89289988761
1.5871670381031,25.7543241047498,1.748,43.3204273925201,4.1269206,13.571,78.66,1167.8935618,1611.34150108761
1.58621713744091,25.9644955316347,1.748,43.4165643691982,4.16598336,13.564,78.66,1167.8935618,1614.91740071821
1.58621713744091,25.9644955316347,1.748,42.9496423266624,4.16598336,13.564,78.66,1150.52598465,1597.54982356821
1.58431706208741,25.4249437789646,1.748,42.6976358790537,4.08999096,13.55,78.66,1150.52598465,1588.17622150528
1.58431706208741,25.4249437789646,1.748,43.4537806661756,4.08999096,13.55,78.66,1178.65145685,1616.30169370528
1.58431706208741,25.3296354624322,1.748,43.4096741145254,4.07465916,13.55,78.66,1178.65145685,1614.66111161915
1.58811684767581,25.4610653430522,1.748,43.4048960175218,4.07465916,13.578,78.66,1176.04288795,1614.4833860873
1.58811684767581,25.3436027178724,1.748,43.3505160512831,4.05586104,13.578,78.66,1176.04288795,1612.46067528544
1.5871670381031,25.3108721665224,1.748,42.8014064701479,4.05586104,13.571,78.66,1156.2236483,1592.03606015616
1.5871670381031,25.1428097058808,1.748,42.7236084863433,4.0289304,13.571,78.66,1156.2236483,1589.14229553862
1.5871670381031,25.1428097058808,1.748,42.5630463610444,4.0289304,13.571,78.66,1150.25139845,1583.17004568862
1.5873027307574,24.9843528271762,1.748,42.4898533315757,4.00279968,13.572,78.66,1150.25139845,1580.44756640871
1.5873027307574,24.9843528271762,1.748,42.784085403552,4.00279968,13.572,78.66,1161.19561985,1591.39178780871
1.58811684767581,24.9495614291487,1.748,42.7689281782336,3.99280068,13.578,78.66,1161.19561985,1590.82800144585
1.58811684767581,24.9495614291487,1.748,43.3808570662775,3.99280068,13.578,78.66,1183.9568545,1613.58923609585
1.58811684767581,24.6304962841567,1.748,43.2331441083382,3.94173912,13.578,78.66,1183.9568545,1608.09492235746
1.58906656634849,24.6623218616962,1.748,42.4709420148863,3.94173912,13.585,78.66,1155.01743035,1579.74414330658
1.58906656634849,25.0518674312495,1.748,42.6513015156312,4.00399956,13.585,78.66,1155.01743035,1586.45277399557
1.58445279389654,24.8949964918773,1.748,42.5883260516603,4.00399956,13.551,78.66,1155.5764094,1584.1103460752
